CGPA,Aptitude_Score,Technical_Score,Communication_Score,Internships,Backlogs,Certifications,Employable
6.87,80,59,57,3,2,0,0
9.75,77,50,50,4,0,5,0
8.66,48,91,65,0,5,5,0
7.99,35,39,53,1,0,2,0
5.78,56,42,83,2,0,5,0
5.78,82,38,67,2,2,3,0
5.29,77,97,46,3,4,3,0
9.33,36,68,51,0,5,1,0
8.01,88,53,74,4,5,5,0
8.54,98,63,90,0,2,0,1
5.1,40,90,40,2,5,3,0
9.85,44,70,90,0,1,0,0
9.16,93,34,67,2,3,1,0
6.06,32,79,95,1,3,2,0
5.91,98,33,62,1,3,3,0
5.92,52,80,72,2,0,3,0
6.52,82,81,60,4,5,3,0
7.62,66,68,64,4,2,5,1
7.16,38,37,66,0,5,0,0
6.46,44,74,76,2,2,3,0
8.06,32,57,52,3,5,0,0
5.7,99,56,65,4,0,5,0
6.46,46,94,69,4,1,4,0
6.83,55,63,44,1,3,4,0
7.28,50,91,66,4,3,0,0
8.93,50,91,33,4,5,5,0
6.0,40,67,51,4,0,4,0
7.57,67,55,51,2,3,1,0
7.96,64,53,46,2,5,1,0
5.23,43,68,67,1,4,4,0
8.04,43,50,53,0,5,2,0
5.85,39,76,35,4,2,0,0
5.33,41,77,97,0,3,4,0
9.74,67,42,35,2,3,0,0
9.83,63,32,55,4,4,5,0
9.04,70,61,70,0,1,4,1
6.52,39,64,67,0,5,1,0
5.49,46,48,72,3,1,5,0
8.42,46,43,82,2,5,2,0
7.2,96,77,44,1,4,0,0
5.61,91,97,85,1,1,2,0
7.48,30,74,85,3,0,1,0
5.17,41,48,60,0,4,3,0
9.55,33,93,86,3,5,3,0
6.29,71,95,80,3,2,0,0
8.31,42,95,53,2,2,5,0
6.56,33,74,87,4,2,1,0
7.6,98,96,33,0,5,0,0
7.73,48,98,39,1,3,5,0
5.92,31,32,92,1,4,0,0
9.85,41,67,44,3,4,0,0
8.88,35,71,92,3,1,2,0
9.7,37,69,48,3,4,4,0
9.47,80,79,92,0,4,1,0
7.99,40,64,85,3,1,2,0
9.61,92,53,50,3,4,5,0
5.44,86,46,63,4,4,4,0
5.98,41,69,46,0,0,0,0
5.23,31,95,47,2,5,3,0
6.63,37,73,95,2,1,2,0
6.94,40,52,80,4,0,1,0
6.36,82,35,94,1,3,1,0
9.14,39,95,72,2,1,4,0
6.78,37,50,86,0,5,2,0
6.4,65,64,39,1,4,0,0
7.71,43,58,66,3,4,4,0
5.7,83,36,77,0,0,5,0
9.01,50,82,98,1,0,1,0
5.37,79,66,85,2,3,5,0
9.93,68,52,65,3,3,2,0
8.86,49,37,60,3,5,3,0
5.99,36,77,84,0,4,5,0
5.03,38,39,67,3,2,0,0
9.08,30,53,44,1,3,1,0
8.53,55,76,45,4,4,2,0
8.65,67,82,82,2,3,3,0
8.86,67,68,85,0,1,1,1
5.37,90,96,36,4,0,3,0
6.79,73,95,86,4,4,1,0
5.58,73,35,84,0,3,4,0
9.32,91,50,81,1,0,4,0
8.12,35,65,33,2,2,4,0
6.65,46,32,72,0,3,2,0
5.32,80,71,69,4,4,4,0
6.55,67,74,59,4,1,2,0
6.63,53,73,39,0,0,0,0
8.65,80,62,36,4,0,4,1
8.19,39,89,65,0,1,2,0
9.44,50,99,64,0,4,1,0
7.36,99,55,68,2,5,2,0
5.6,86,50,65,0,2,5,0
8.57,68,31,49,4,5,2,0
8.8,62,76,78,3,1,5,1
7.81,88,59,88,2,2,1,0
8.85,47,56,78,4,4,2,0
7.47,85,49,55,4,3,1,0
7.61,86,79,65,2,3,5,0
7.14,77,52,72,2,5,3,0
5.13,71,42,72,4,4,4,0
5.54,56,33,62,3,2,5,0
5.16,81,43,74,1,5,0,0
8.18,71,49,74,4,1,2,0
6.57,61,42,44,2,5,1,0
7.54,55,32,46,0,4,4,0
9.54,54,76,41,0,4,2,0
6.25,52,32,51,2,3,4,0
7.05,86,30,52,2,1,3,0
8.78,81,53,41,1,3,2,0
6.14,60,64,97,2,2,1,0
5.38,93,43,80,0,2,3,0
6.45,62,96,42,3,0,2,0
5.81,31,42,86,2,4,4,0
9.65,47,76,84,1,1,3,0
9.04,76,79,57,3,1,1,1
8.17,62,55,73,1,3,2,0
9.36,64,32,48,3,5,4,0
9.02,80,80,75,2,5,4,0
5.93,47,69,32,0,3,5,0
9.46,59,97,49,3,5,3,0
7.7,73,65,54,4,1,2,1
9.04,82,80,85,1,3,5,0
9.48,39,30,90,3,5,4,0
6.59,81,62,84,1,0,3,0
5.55,78,36,64,0,4,0,0
6.14,40,81,88,1,0,4,0
7.14,95,40,68,1,5,3,0
9.09,87,56,86,4,2,0,0
9.3,65,43,96,1,1,3,0
5.03,62,75,63,3,0,4,0
7.55,76,39,70,1,0,0,0
7.09,42,53,51,2,3,3,0
6.11,69,90,56,1,3,2,0
5.6,97,47,50,2,3,0,0
6.69,71,38,70,1,5,3,0
9.71,48,46,60,1,2,2,0
6.62,48,87,56,3,0,0,0
7.59,87,42,66,2,4,3,0
8.52,52,79,95,2,3,4,0
6.82,83,35,83,4,2,0,0
9.86,94,80,38,1,5,0,0
9.81,41,65,71,1,2,2,0
6.26,53,54,65,3,3,5,0
7.49,63,40,39,4,1,5,0
6.5,82,73,88,4,0,3,0
6.42,37,43,69,3,3,4,0
5.18,47,58,83,2,4,2,0
8.05,86,79,68,0,0,0,1
7.51,34,34,36,3,2,5,0
5.26,55,98,33,2,4,2,0
6.39,59,86,44,4,0,2,0
9.54,83,55,77,3,4,2,0
6.2,42,35,35,0,2,0,0
5.72,58,45,64,1,3,1,0
7.45,32,89,97,3,4,2,0
9.93,87,41,87,0,3,1,0
6.21,31,32,48,0,2,5,0
8.36,57,92,91,3,2,4,1
8.81,31,93,39,2,4,5,0
6.19,36,91,54,3,4,4,0
8.64,55,35,73,4,2,4,0
6.84,45,48,87,0,4,5,0
8.16,52,47,54,0,4,3,0
8.17,69,72,69,1,4,0,0
7.68,89,32,99,0,5,1,0
5.45,61,67,39,1,4,3,0
9.18,44,97,95,0,0,1,0
6.6,42,73,54,0,2,0,0
5.93,34,92,40,3,2,2,0
5.2,81,71,65,3,1,5,0
7.95,70,93,78,4,3,3,0
8.39,82,83,77,2,1,0,1
5.08,79,66,36,4,4,5,0
7.56,44,33,80,0,4,3,0
6.13,36,31,46,4,0,4,0
8.23,69,73,61,3,0,3,1
5.87,57,96,55,0,0,2,0
8.45,61,97,51,0,0,2,1
6.93,44,91,42,4,0,1,0
9.68,99,30,41,1,0,3,0
5.69,94,46,30,2,0,4,0
6.71,33,45,62,4,0,2,0
5.57,40,38,43,4,5,1,0
9.62,55,82,93,2,0,4,0
9.39,90,88,72,0,2,4,1
6.29,66,38,87,0,0,4,0
8.3,52,41,70,1,3,0,0
9.09,69,70,97,4,0,2,1
7.78,52,44,68,2,5,0,0
7.65,45,95,30,4,4,0,0
6.21,90,40,70,3,5,2,0
5.47,97,37,74,4,5,3,0
9.49,60,84,42,4,4,5,0
9.5,82,35,38,3,0,1,0
8.17,54,82,92,3,0,5,0
6.7,73,49,52,2,4,5,0
6.75,41,68,83,0,3,5,0
8.63,38,63,76,1,1,5,0
9.49,41,86,68,3,2,2,0
9.44,98,48,55,0,4,5,0
8.9,83,60,30,2,0,1,0
8.21,83,69,43,4,2,3,1
5.42,57,43,94,2,0,2,0
5.81,85,66,98,2,1,5,0
9.49,98,73,96,3,1,4,1
8.03,87,38,78,1,4,2,0
5.05,71,87,79,3,2,3,0
5.51,67,49,87,4,5,5,0
8.32,97,79,82,3,2,0,1
5.03,82,49,86,4,5,2,0
5.8,62,65,47,3,1,4,0
7.74,85,56,45,1,0,2,0
8.46,80,61,31,0,5,0,0
8.26,72,30,42,1,5,2,0
6.12,44,46,74,3,4,4,0
8.56,67,38,72,2,3,3,0
6.19,44,74,83,0,1,4,0
6.63,34,95,60,2,5,3,0
8.73,83,61,38,1,1,4,1
8.25,80,74,77,0,4,1,0
9.25,39,38,47,3,0,2,0
8.29,41,59,40,2,2,2,0
7.84,33,67,91,3,1,0,0
5.47,47,89,48,4,4,1,0
6.84,65,30,53,0,4,0,0
6.33,54,34,42,2,4,2,0
6.22,65,92,75,1,2,0,0
9.87,96,65,82,1,1,3,1
6.97,38,94,58,1,5,1,0
9.46,90,53,65,1,4,4,0
8.16,82,33,46,2,2,3,0
8.97,47,97,77,4,0,5,0
7.51,72,54,53,1,3,4,0
7.88,64,36,83,1,1,0,0
7.46,92,42,30,1,2,2,0
5.98,33,97,96,4,3,3,0
8.61,70,72,35,0,3,1,0
6.4,74,86,84,1,2,4,0
5.12,79,65,67,1,5,5,0
8.23,57,43,62,1,5,3,0
5.89,71,56,37,0,2,2,0
9.7,98,66,49,1,2,1,1
9.77,30,54,84,0,4,1,0
9.57,68,96,77,0,0,4,1
6.85,46,33,85,3,5,3,0
5.08,64,45,39,3,4,3,0
9.64,75,48,81,1,3,1,0
7.14,71,58,79,2,3,0,0
9.83,68,80,63,3,3,1,0
9.82,78,47,65,3,2,2,0
9.27,91,87,90,2,1,3,1
6.47,67,73,45,4,4,4,0
6.93,52,45,47,1,1,3,0
9.26,51,94,76,4,0,1,0
6.58,33,31,61,4,0,2,0
5.85,78,85,72,0,4,0,0
7.78,88,57,69,0,3,3,0
9.68,97,94,94,1,5,1,0
8.48,31,34,64,2,0,5,0
7.85,78,51,98,0,1,1,0
5.49,60,42,79,3,1,1,0
8.08,69,94,41,1,5,2,0
9.95,77,45,87,4,2,1,0
5.7,80,93,92,1,3,1,0
7.59,72,61,78,0,2,1,1
9.39,84,80,65,2,4,3,0
8.7,78,87,83,4,0,1,1
8.49,86,75,76,2,5,2,0
8.51,44,81,61,1,5,5,0
6.8,56,92,82,2,5,3,0
6.47,97,89,61,2,2,5,0
9.05,93,94,91,1,2,1,1
9.05,59,84,66,4,4,0,0
9.34,65,86,67,2,1,5,1
9.57,96,55,59,2,1,2,0
7.56,78,41,87,1,4,0,0
7.51,84,75,61,3,5,2,0
8.99,85,76,95,2,1,0,1
8.25,97,67,80,0,4,1,0
8.51,73,50,40,4,1,0,0
8.98,60,43,88,2,4,5,0
9.45,87,31,49,1,1,0,0
6.69,82,99,66,0,5,2,0
6.88,52,62,78,1,2,1,0
5.47,57,35,48,2,2,2,0
7.89,45,66,84,0,5,1,0
5.18,66,43,69,4,1,5,0
7.33,50,66,36,4,5,4,0
7.71,46,37,34,4,4,3,0
6.43,66,42,71,3,2,5,0
7.95,48,69,77,1,0,5,0
5.15,59,87,36,2,1,3,0
5.19,74,47,40,0,0,2,0
9.11,47,86,78,1,0,5,0
6.8,91,67,59,2,3,1,0
5.64,65,61,70,3,0,0,0
7.61,81,95,32,2,0,5,1
8.85,48,54,69,1,5,3,0
6.08,73,87,80,2,3,5,0
8.11,36,62,61,0,3,2,0
5.43,73,95,77,3,3,2,0
5.26,97,59,49,0,4,2,0
7.66,63,63,64,3,3,1,0
7.7,95,98,53,3,5,5,0
8.19,98,77,69,2,4,2,0
8.63,84,69,81,0,1,4,1
9.88,39,80,68,3,4,0,0
7.58,71,42,97,3,1,2,0
6.61,70,60,90,2,3,1,0
8.98,98,68,94,1,3,0,0
6.35,39,92,91,1,1,0,0
7.19,39,77,31,4,2,3,0
5.39,89,77,35,4,5,2,0
5.13,80,90,72,3,4,2,0
9.81,50,41,69,1,5,5,0
9.18,37,85,68,3,5,1,0
8.48,94,47,57,0,0,4,0
7.04,59,56,92,1,3,5,0
5.87,78,57,93,1,4,4,0
5.78,38,81,41,1,5,3,0
6.25,46,45,70,4,4,4,0
7.75,98,87,58,2,5,1,0
8.57,87,38,52,2,3,3,0
8.3,86,55,80,4,5,2,0
6.4,91,57,74,4,1,4,0
9.77,81,65,51,4,3,1,0
8.69,90,38,39,2,4,1,0
7.77,69,76,36,3,2,2,1
8.06,67,80,44,4,5,1,0
7.1,72,86,75,3,1,3,1
6.24,92,61,90,3,3,3,0
6.78,48,96,90,0,0,5,0
8.79,79,86,80,2,3,0,0
5.07,62,83,67,3,4,2,0
5.58,42,45,41,2,4,1,0
5.23,91,91,95,2,0,4,0
5.2,72,85,83,0,1,5,0
9.28,78,52,68,2,4,3,0
8.52,65,46,68,3,1,2,0
7.37,39,67,59,1,1,2,0
5.49,35,59,77,3,3,3,0
7.46,86,87,60,3,1,0,1
7.37,30,51,54,2,5,2,0
5.87,87,46,97,3,4,1,0
7.17,50,44,80,1,4,4,0
6.99,85,77,42,2,2,4,0
8.08,49,61,92,4,1,3,0
8.18,83,69,71,3,2,2,1
5.23,54,86,83,3,3,4,0
6.87,57,87,96,0,2,2,0
8.13,34,45,85,4,1,3,0
7.52,50,57,48,4,4,0,0
9.28,47,30,75,1,3,4,0
8.29,76,70,44,4,1,1,1
5.81,99,77,61,0,3,5,0
5.35,86,60,78,1,0,3,0
8.21,48,65,50,4,1,5,0
5.13,94,62,94,1,0,0,0
7.93,32,62,99,4,2,1,0
9.7,71,52,56,4,1,5,0
7.88,50,89,52,4,0,1,0
6.94,69,59,76,3,5,4,0
8.22,96,74,41,4,4,2,0
7.29,54,68,95,3,2,3,0
7.73,84,74,34,2,1,1,1
9.71,81,41,38,0,1,4,0
6.93,73,61,49,1,4,0,0
9.81,85,85,92,1,4,1,0
9.53,84,53,59,2,0,0,0
5.98,99,42,45,4,0,3,0
5.35,95,49,34,0,0,4,0
5.5,48,85,58,2,3,0,0
5.09,36,82,76,2,2,2,0
5.47,92,97,51,1,1,5,0
8.42,71,83,86,3,2,0,1
5.36,71,63,64,3,4,0,0
6.59,88,57,89,4,5,4,0
9.22,49,79,99,4,2,4,0
5.12,46,31,89,2,2,1,0
9.07,56,55,87,4,0,5,0
6.41,76,80,32,3,4,0,0
5.59,31,76,63,0,2,0,0
8.48,92,55,74,1,1,4,0
8.14,91,90,79,3,0,2,1
9.39,48,52,31,4,2,4,0
8.68,46,66,44,1,4,2,0
9.02,98,70,66,1,5,5,0
6.41,68,81,44,2,1,4,0
5.89,68,78,89,4,5,5,0
8.75,65,56,93,2,4,3,0
9.03,69,35,81,1,4,0,0
9.95,74,95,52,2,4,5,0
7.06,33,53,66,4,5,2,0
6.86,54,67,70,3,3,3,0
8.88,98,57,86,0,1,2,0
6.7,59,57,54,3,4,1,0
9.65,97,95,66,1,3,1,0
9.29,58,90,69,3,0,0,1
7.14,97,75,75,2,3,3,0
8.75,80,98,89,4,0,3,1
8.77,53,72,48,3,5,1,0
5.52,43,88,38,3,3,0,0
9.51,98,31,98,4,5,5,0
7.53,47,44,34,2,4,1,0
9.13,71,66,55,0,3,3,0
6.6,86,49,48,3,3,2,0
9.48,41,64,59,1,4,3,0
6.95,46,63,77,2,0,0,0
5.05,59,60,45,2,4,3,0
9.53,52,48,47,3,1,4,0
5.46,30,97,85,4,3,3,0
6.6,61,53,50,3,1,4,0
9.75,38,68,60,3,4,1,0
9.75,44,83,30,4,5,5,0
7.87,57,68,32,1,4,4,0
8.16,53,46,54,4,2,3,0
7.24,89,48,37,3,1,5,0
6.47,64,77,94,0,2,5,0
6.64,56,64,91,4,1,3,0
8.36,49,61,36,1,5,3,0
8.76,94,76,36,4,2,0,1
8.96,78,76,37,4,2,1,1
8.95,30,93,48,2,1,4,0
5.46,39,75,46,2,4,2,0
7.47,76,64,40,3,0,4,1
5.29,88,46,78,3,4,3,0
7.75,91,71,40,4,0,2,1
7.21,47,58,70,0,1,2,0
9.44,75,99,91,3,3,4,0
6.75,61,46,81,4,4,4,0
5.59,56,43,95,4,2,4,0
5.71,47,53,97,4,4,4,0
8.81,68,86,96,4,1,1,1
8.09,78,79,69,4,3,0,0
5.51,73,86,34,2,3,0,0
5.42,83,90,51,1,4,4,0
8.5,63,68,66,1,4,0,0
5.36,65,84,40,4,5,4,0
9.11,47,65,73,3,4,4,0
8.53,67,66,82,0,1,4,1
5.41,88,43,90,4,0,5,0
5.42,38,56,96,0,5,1,0
9.93,80,60,42,2,0,3,0
6.87,64,73,40,1,2,0,0
6.85,34,97,40,2,1,0,0
9.06,43,77,36,3,5,1,0
9.74,59,86,46,3,3,1,0
9.93,33,51,77,4,5,4,0
8.77,68,33,43,3,2,4,0
6.88,93,75,92,3,3,5,0
5.42,54,88,93,2,5,5,0
8.89,57,63,94,0,3,3,0
7.79,95,40,63,1,4,0,0
7.12,51,60,38,3,3,1,0
9.53,60,40,66,3,5,3,0
5.56,52,85,59,2,3,0,0
7.46,77,67,70,1,1,3,1
5.06,49,50,74,2,4,3,0
7.34,67,39,76,0,4,4,0
5.28,84,55,36,2,2,3,0
5.59,97,37,43,1,4,4,0
5.59,30,37,77,1,0,0,0
8.25,36,89,35,3,1,5,0
8.73,86,63,63,0,2,0,1
7.92,41,45,75,4,0,4,0
9.81,34,42,88,3,3,5,0
6.87,79,51,99,2,0,2,0
6.43,71,56,37,2,2,5,0
9.34,41,93,53,1,4,3,0
6.12,47,31,96,1,1,0,0
9.82,95,55,33,1,2,3,0
5.06,46,98,30,4,0,5,0
9.85,97,59,63,4,0,2,0
5.22,91,37,38,3,2,3,0
9.46,70,67,92,4,5,2,0
7.64,63,90,39,1,5,1,0
9.96,99,94,39,3,2,2,1
5.37,74,96,79,3,5,0,0
7.77,87,75,73,0,2,5,1
9.85,80,72,77,4,4,4,0
7.62,63,88,35,2,2,4,1
8.15,73,75,53,2,3,3,0
8.48,44,64,87,0,1,5,0
7.27,99,68,93,1,1,1,1
8.14,79,80,85,0,3,3,0
7.92,61,33,41,1,0,2,0
9.51,96,80,64,4,0,4,1
5.23,32,34,35,4,0,2,0
6.4,80,84,94,3,0,4,0
9.75,96,49,89,3,4,4,0
9.45,77,53,97,3,3,4,0
7.28,46,65,58,3,1,5,0
8.1,36,63,67,2,3,0,0
6.39,42,83,51,3,1,5,0
5.94,95,63,37,3,0,2,0
7.32,33,46,92,3,4,5,0
6.77,39,34,42,1,2,3,0
7.92,46,47,56,3,2,1,0
5.39,81,84,47,0,5,3,0
9.87,35,82,47,3,0,5,0
9.93,98,79,91,3,0,2,1
8.49,38,74,43,2,3,1,0
7.68,50,42,40,3,4,3,0
6.55,53,45,46,1,4,1,0
9.07,33,42,80,4,3,2,0
8.42,53,49,43,3,4,4,0
5.81,88,95,86,3,4,2,0
9.55,32,76,35,3,2,0,0
9.11,97,48,86,2,4,1,0
9.75,69,74,33,4,0,2,1
8.63,77,66,40,2,2,4,1
8.07,83,83,40,2,0,4,1
7.09,64,35,37,2,0,2,0
9.66,85,43,88,1,3,3,0
9.33,69,33,50,4,5,2,0
5.23,97,84,94,1,4,4,0
5.13,75,63,53,1,4,2,0
6.88,42,56,59,4,4,0,0
9.05,56,36,86,1,4,3,0
9.94,35,32,46,4,2,2,0
5.75,46,76,88,3,1,4,0
7.97,65,31,60,2,0,2,0
6.9,31,54,93,1,5,2,0
9.85,81,89,77,4,5,1,0
9.21,95,53,52,0,1,2,0
9.19,81,44,99,1,1,0,0
7.34,72,43,59,1,1,4,0
7.07,51,83,84,4,2,5,0
6.37,84,35,36,0,1,1,0
5.28,96,47,41,0,2,5,0
9.32,89,49,89,3,3,2,0
9.06,87,91,81,1,3,3,0
10.0,41,69,56,2,5,0,0
9.98,98,68,41,1,3,0,0
7.78,68,81,42,2,2,0,1
8.84,42,61,91,2,2,1,0
9.72,70,56,58,4,0,2,0
9.25,86,81,64,1,1,0,1
6.24,82,92,89,4,4,2,0
7.25,41,92,58,3,4,3,0
5.65,42,46,60,2,1,2,0
9.77,86,78,90,0,4,5,0
8.03,69,52,31,2,4,2,0
6.14,74,42,62,3,4,2,0
8.36,64,52,91,2,5,4,0
8.09,32,86,88,4,2,5,0
6.79,34,91,69,1,2,1,0
5.57,40,83,78,0,2,2,0
8.36,85,49,61,4,1,0,0
7.6,39,81,67,1,3,4,0
8.86,63,52,42,0,5,2,0
7.6,96,64,83,3,5,4,0
9.26,60,96,42,2,4,1,0
7.76,95,63,68,0,0,4,1
7.8,99,62,52,3,2,0,1
9.38,70,75,43,1,5,2,0
7.02,92,74,46,0,5,0,0
5.67,61,48,53,3,0,3,0
5.14,49,44,87,1,4,4,0
8.78,86,95,92,4,5,4,0
8.1,79,68,63,2,5,4,0
8.52,54,47,80,3,3,5,0
6.06,41,99,39,4,0,1,0
5.68,68,88,50,1,4,5,0
5.07,46,61,66,0,4,0,0
6.75,74,50,36,2,2,3,0
7.95,40,69,42,1,3,1,0
6.96,99,56,59,3,4,1,0
7.19,52,31,60,2,3,2,0
9.52,99,68,34,4,2,3,1
6.74,67,85,61,2,0,4,0
7.57,31,42,45,4,5,5,0
8.92,66,85,51,1,5,4,0
6.98,78,95,93,0,1,2,0
8.11,81,85,73,2,1,5,1
9.31,62,57,69,0,1,4,0
9.75,51,93,66,0,5,0,0
5.74,34,93,45,2,3,4,0
9.63,47,85,72,2,1,5,0
7.46,67,70,92,0,0,0,1
6.29,66,70,44,3,4,2,0
7.3,93,33,73,3,3,2,0
9.9,39,86,38,2,5,0,0
7.46,71,59,94,0,0,5,0
6.64,77,75,73,0,5,5,0
8.17,73,85,49,1,3,4,0
6.2,45,60,99,0,3,2,0
5.38,83,36,62,3,3,2,0
5.64,64,83,35,1,2,0,0
5.64,57,37,60,3,4,2,0
5.76,31,84,95,4,1,4,0
5.69,42,98,47,2,2,2,0
8.2,70,73,57,4,4,0,0
5.91,88,42,97,2,5,4,0
6.73,98,49,94,3,1,3,0
9.48,82,61,74,3,2,0,1
7.37,74,89,87,4,2,3,1
8.34,49,79,76,2,0,2,0
5.86,53,56,95,2,2,4,0
5.96,90,54,81,1,3,2,0
5.2,87,81,65,0,5,4,0
5.84,56,97,30,1,2,1,0
6.39,55,50,68,3,3,2,0
5.89,36,47,30,4,4,2,0
5.44,71,68,43,2,4,2,0
5.6,76,44,52,1,3,5,0
7.3,82,82,72,4,0,0,1
6.03,88,67,51,4,0,5,0
6.82,67,77,89,0,4,4,0
7.52,98,81,56,2,5,4,0
8.45,82,57,85,4,2,4,0
5.2,44,45,31,2,4,0,0
9.0,55,45,68,1,4,4,0
8.14,77,64,80,4,3,5,0
5.41,48,46,48,4,0,5,0
9.37,38,81,91,1,5,2,0
9.6,93,41,96,2,3,3,0
5.31,83,77,92,2,4,1,0
6.38,80,51,34,4,1,4,0
9.03,68,78,90,1,2,0,1
8.74,33,81,36,3,4,0,0
5.92,32,30,79,2,3,4,0
6.05,93,95,75,3,1,3,0
6.85,58,93,43,4,1,5,0
7.42,40,37,98,3,4,4,0
8.09,87,54,94,3,5,0,0
6.84,56,95,94,2,0,1,0
7.31,50,99,86,4,1,3,0
8.74,68,80,91,3,2,4,1
5.18,75,82,49,2,3,1,0
6.26,95,44,55,3,3,4,0
8.57,65,79,73,2,3,3,0
9.48,94,67,96,4,4,0,0
7.56,92,69,99,1,3,5,0
7.66,64,95,91,2,3,5,0
5.54,60,68,74,2,2,3,0
7.24,57,46,40,3,0,2,0
7.66,30,36,63,4,5,5,0
6.21,54,68,75,0,4,4,0
6.35,72,97,61,0,4,1,0
6.89,96,64,34,1,3,1,0
5.1,92,80,92,4,2,5,0
6.61,80,76,58,2,1,3,0
6.06,31,65,77,0,3,3,0
6.64,93,93,45,1,3,3,0
5.6,98,42,54,4,4,1,0
9.45,38,47,58,1,4,0,0
7.97,31,50,81,0,3,1,0
8.4,63,94,75,3,4,0,0
8.95,89,37,54,3,2,3,0
7.49,90,77,52,4,1,2,1
5.43,60,72,63,1,1,1,0
7.69,39,82,96,2,1,3,0
7.93,65,56,63,0,3,1,0
8.73,78,48,61,3,5,3,0
7.16,99,52,58,3,3,1,0
5.64,78,79,38,1,3,4,0
6.42,32,80,95,3,2,1,0
6.82,34,72,86,1,1,4,0
8.23,90,80,68,0,4,0,0
7.85,55,98,36,1,4,1,0
6.78,34,70,98,3,0,0,0
9.93,44,40,37,1,0,2,0
8.03,45,81,47,3,5,5,0
6.19,30,52,78,4,4,5,0
5.51,45,78,45,3,1,4,0
5.76,66,67,50,3,3,1,0
6.23,32,76,39,3,4,5,0
5.8,81,36,33,4,5,0,0
5.93,76,95,73,2,5,5,0
6.43,42,91,37,3,4,5,0
5.87,84,58,84,2,0,3,0
9.48,50,67,48,0,1,5,0
5.4,95,62,93,1,4,0,0
7.62,83,58,69,2,3,5,0
7.05,56,52,80,0,3,1,0
9.91,67,32,38,1,2,5,0
5.56,87,74,59,3,3,2,0
6.99,91,37,85,3,4,5,0
9.85,75,58,73,3,4,4,0
9.33,40,31,88,4,3,3,0
9.09,37,79,44,4,0,0,0
6.29,93,94,97,4,1,5,0
5.85,50,49,99,4,5,5,0
8.34,92,81,90,0,4,1,0
9.65,93,66,52,0,3,1,0
7.78,49,56,76,3,5,4,0
7.86,37,76,46,1,3,3,0
6.4,87,35,86,4,4,0,0
8.85,75,89,83,1,2,0,1
5.94,60,74,81,0,1,0,0
6.62,38,73,51,4,4,4,0
7.13,44,47,68,0,5,4,0
7.54,55,94,42,0,3,5,0
6.21,39,54,95,2,2,3,0
5.57,58,56,81,0,4,0,0
8.05,65,36,43,3,1,0,0
6.44,66,73,92,0,2,5,0
7.91,52,58,57,4,5,3,0
5.77,70,73,75,3,3,3,0
7.41,57,65,57,0,0,3,1
7.66,77,48,31,3,1,1,0
5.26,67,35,46,0,2,3,0
6.68,60,54,88,3,4,2,0
5.67,43,60,81,1,4,4,0
5.32,58,38,33,2,2,3,0
9.95,80,66,32,3,4,1,0
6.61,78,56,66,4,2,2,0
9.05,72,42,53,2,1,1,0
6.27,34,70,64,2,4,1,0
8.41,71,95,31,0,1,5,1
8.8,36,53,62,3,3,1,0
7.98,71,73,39,2,3,1,0
7.36,65,89,91,4,3,0,0
7.06,56,38,72,4,3,4,0
6.74,87,31,98,4,4,5,0
9.65,75,85,88,0,2,5,1
9.15,95,59,38,1,4,0,0
9.83,54,51,89,3,5,2,0
5.62,56,42,92,2,4,0,0
8.65,30,45,81,3,1,5,0
9.69,71,74,52,2,2,2,1
5.91,81,94,59,0,0,5,0
5.33,54,40,72,3,0,3,0
8.71,83,99,97,0,2,2,1
7.87,96,49,50,0,0,5,0
9.21,35,92,72,3,2,0,0
5.7,87,41,36,3,1,5,0
8.98,99,91,45,2,1,0,1
6.01,82,71,52,4,4,2,0
5.82,95,98,87,0,0,0,0
5.82,87,87,60,1,2,2,0
9.07,31,34,98,2,1,1,0
8.33,51,56,35,2,4,4,0
7.62,66,57,94,4,0,2,0
6.79,49,55,88,4,0,1,0
9.39,53,78,57,0,0,1,0
6.96,94,50,47,2,1,1,0
9.08,94,30,39,2,1,1,0
7.2,30,87,36,1,0,2,0
6.88,32,84,66,0,1,0,0
7.31,75,55,74,0,0,1,0
6.51,84,54,45,4,3,3,0
8.74,93,62,43,0,1,1,1
7.51,74,98,40,1,2,0,1
6.16,55,35,63,0,1,0,0
9.5,94,52,89,3,0,4,0
6.92,53,59,42,3,2,4,0
7.72,64,83,68,1,4,1,0
9.53,53,40,73,4,2,1,0
8.12,57,60,57,2,2,5,0
5.58,45,35,69,0,1,5,0
9.7,88,40,45,4,5,4,0
8.14,83,41,79,4,2,1,0
6.67,45,95,57,0,2,5,0
5.7,44,82,97,2,0,3,0
8.97,40,65,89,0,1,2,0
8.1,94,46,41,2,0,4,0
7.67,97,57,45,1,1,4,0
9.47,72,51,82,2,4,0,0
8.94,98,36,83,4,5,1,0
5.76,42,44,78,1,2,4,0
6.56,39,40,65,3,1,4,0
6.24,70,53,91,1,2,5,0
8.72,79,96,55,2,2,3,1
5.17,88,59,85,1,3,1,0
7.85,68,99,51,1,0,2,1
8.81,32,95,98,3,5,3,0
9.38,36,90,78,2,1,2,0
6.71,78,70,31,4,4,0,0
9.11,55,80,82,1,5,4,0
5.55,62,73,36,0,3,5,0
9.23,77,42,49,4,0,3,0
5.64,31,41,59,1,4,2,0
6.99,61,38,96,4,4,1,0
8.99,33,77,88,0,2,0,0
5.75,49,78,95,4,0,0,0
6.15,65,82,32,4,3,4,0
8.61,61,85,85,0,1,4,1
8.6,57,69,46,0,1,2,1
8.21,30,53,81,0,3,2,0
8.47,89,62,36,3,2,0,1
7.71,85,52,34,0,2,2,0
6.26,64,83,83,4,4,4,0
6.73,59,82,90,0,0,0,0
5.91,83,78,45,1,4,0,0
9.54,65,78,96,0,1,1,1
7.92,84,89,88,0,3,1,0
7.0,87,94,76,2,0,2,0
7.31,94,61,77,4,3,2,0
9.74,98,50,93,4,0,4,0
5.77,80,47,79,1,5,4,0
7.93,51,89,70,3,1,1,0
7.53,82,42,51,2,1,0,0
8.06,65,53,83,1,5,3,0
5.09,97,59,34,1,0,5,0
9.36,65,31,46,4,2,5,0
9.66,81,54,70,2,0,3,0
7.83,82,79,64,4,1,2,1
8.48,79,43,69,3,3,5,0
9.61,70,35,51,4,4,5,0
8.54,47,59,77,0,3,3,0
5.76,51,59,82,4,1,3,0
7.88,95,67,39,0,3,1,0
8.03,50,87,47,1,2,0,0
7.12,73,70,78,3,2,4,1
8.68,76,86,59,0,0,1,1
9.67,68,65,48,3,3,5,0
9.63,58,93,84,4,3,4,0
7.25,83,45,89,4,1,1,0
5.57,46,43,50,1,0,1,0
9.92,89,60,55,4,0,3,0
9.19,60,95,57,0,3,4,0
5.62,78,97,68,1,4,1,0
9.6,31,94,62,3,3,3,0
9.35,77,84,69,1,3,2,0
7.59,43,69,58,3,3,4,0
7.96,88,54,49,2,2,1,0
7.0,87,54,49,0,5,5,0
5.27,87,32,41,0,0,2,0
6.68,80,98,54,3,5,3,0
9.01,31,55,54,4,2,1,0
5.02,70,69,33,4,4,5,0
6.67,45,67,33,2,1,3,0
6.99,33,67,38,3,4,3,0
7.69,41,97,44,2,0,5,0
9.6,58,36,55,3,1,3,0
6.73,36,59,61,2,5,4,0
6.73,43,48,81,3,4,2,0
8.69,41,64,61,0,0,2,0
7.26,34,62,38,2,4,0,0
6.12,61,62,42,2,1,1,0
7.26,72,67,85,3,1,3,1
5.7,98,39,73,1,4,1,0
5.88,74,86,59,1,2,2,0
7.49,38,57,45,0,4,2,0
7.09,78,67,41,4,5,3,0
9.57,62,45,95,4,4,4,0
6.81,47,50,47,0,4,5,0
7.9,38,35,42,4,2,3,0
8.16,91,70,53,3,3,3,0
5.07,86,44,41,1,1,0,0
8.32,58,32,89,0,5,5,0
5.89,54,72,89,3,0,4,0
9.81,44,76,30,0,1,1,0
5.74,35,43,72,1,1,5,0
7.07,71,95,84,4,3,4,0
5.43,58,58,69,3,1,3,0
9.98,33,33,93,1,1,3,0
7.51,86,55,63,0,2,3,0
7.98,78,41,63,2,2,3,0
5.34,73,31,77,3,2,3,0
8.75,43,46,62,0,2,5,0
6.05,32,64,97,0,2,5,0
9.49,91,39,59,1,5,5,0
6.03,93,72,58,0,0,4,0
5.95,74,50,52,3,3,3,0
5.18,87,44,63,3,4,2,0
7.36,49,64,44,0,5,5,0
7.82,87,89,82,1,2,2,1
5.33,86,73,46,3,3,0,0
8.88,97,34,93,2,4,1,0
7.27,81,47,90,4,1,5,0
7.62,66,50,86,1,5,2,0
7.2,37,80,66,1,1,0,0
7.0,73,70,36,4,3,4,0
7.8,34,53,37,4,0,1,0
5.78,98,53,97,3,0,3,0
5.91,60,67,50,0,3,5,0
9.31,74,73,90,0,0,5,1
9.73,38,86,58,2,0,3,0
6.87,61,88,54,0,1,4,0
6.35,62,63,87,2,0,1,0
8.22,96,52,43,2,0,5,0
7.04,59,72,95,1,3,2,0
5.13,58,69,83,1,0,1,0
5.78,32,76,96,3,5,0,0
8.58,86,70,59,4,2,5,1
8.29,59,76,47,4,2,4,1
5.14,38,49,83,2,3,2,0
6.11,55,94,50,4,2,1,0
6.16,31,97,82,2,1,1,0
8.36,91,53,45,4,5,2,0
5.1,32,65,57,3,5,0,0
5.52,75,74,33,1,3,0,0
9.0,97,31,84,1,0,1,0
5.89,54,57,44,2,2,3,0
8.26,80,55,93,4,1,2,0
6.19,42,52,94,0,3,5,0
5.5,73,65,45,3,3,0,0
6.22,64,35,49,4,0,5,0
8.61,84,64,93,0,4,0,0
9.28,38,67,62,3,2,0,0
9.15,31,64,98,3,1,4,0
6.99,90,82,98,1,3,5,0
8.34,70,67,87,2,2,3,1
6.02,73,88,68,4,1,0,0
6.47,93,72,65,3,5,3,0
9.48,60,33,97,4,5,1,0
5.07,76,34,50,3,1,1,0
5.43,31,97,92,1,5,4,0
6.04,98,74,35,2,3,3,0
5.13,87,54,53,0,2,2,0
5.91,73,40,82,0,1,4,0
7.92,85,58,79,1,3,0,0
7.11,72,63,41,3,2,1,1
9.46,63,43,85,1,2,1,0
9.09,59,53,44,2,3,2,0
6.71,99,88,69,0,2,4,0
6.3,84,68,70,4,4,3,0
6.9,96,55,98,0,1,1,0
7.95,42,72,98,2,1,0,0
6.34,32,65,35,3,2,2,0
8.12,55,68,96,1,3,2,0
7.05,86,90,62,0,0,5,1
7.76,53,45,72,0,5,2,0
7.18,82,88,50,4,2,0,1
6.47,99,35,94,1,0,2,0
9.74,72,85,46,4,2,3,1
8.82,89,37,37,4,0,5,0
5.7,87,56,93,3,2,3,0
9.34,78,56,57,0,3,4,0
7.44,71,75,42,1,5,4,0
9.47,95,70,42,3,0,3,1
9.0,40,54,67,3,4,0,0
7.13,47,47,54,3,3,5,0
5.11,81,41,91,2,5,4,0
6.34,75,80,52,2,2,2,0
7.71,73,68,50,3,0,3,1
8.17,51,39,83,2,5,1,0
6.29,82,83,92,1,1,0,0
5.7,88,58,59,0,3,0,0
9.17,59,70,97,1,0,3,1
9.92,37,38,61,0,3,1,0
7.63,86,92,53,2,0,0,1
5.86,49,66,36,1,1,5,0
6.36,54,43,30,4,4,4,0
5.09,48,68,32,3,1,5,0
9.57,34,69,57,0,2,1,0
5.59,56,83,72,0,3,5,0
7.88,69,32,75,4,4,2,0
6.37,55,84,30,4,3,4,0
7.77,56,62,67,3,5,1,0
8.26,91,48,64,2,0,3,0
9.15,79,63,83,1,2,0,1
6.03,71,79,53,1,2,4,0
5.05,58,76,57,1,3,3,0
5.68,68,75,51,2,2,1,0
9.5,89,85,45,3,3,2,0
9.37,70,86,42,1,0,0,1
7.99,62,80,91,0,0,0,1
8.0,45,83,72,0,3,4,0
8.33,52,57,61,0,1,3,0
5.88,36,48,96,4,1,1,0
9.57,55,56,86,4,0,1,0
7.09,41,77,94,2,4,3,0
6.92,34,48,98,1,1,0,0
7.59,98,80,78,4,3,3,0
5.23,78,36,62,0,0,5,0
5.83,55,58,48,4,2,1,0
8.69,34,72,65,0,2,3,0
5.41,51,98,99,1,1,0,0
8.02,42,87,44,2,4,4,0
6.23,57,37,53,3,5,5,0
6.95,62,71,56,3,1,0,0
6.44,52,71,78,0,4,2,0
6.78,47,42,52,4,1,2,0
8.6,59,55,62,4,2,3,0
6.49,55,47,70,0,4,0,0
7.83,45,71,85,1,2,0,0
7.38,68,80,58,0,3,1,0
8.32,62,45,60,1,3,4,0
9.68,55,32,94,2,0,5,0
8.66,77,74,47,2,2,0,1
6.07,94,51,35,0,2,5,0
5.16,67,52,81,2,0,3,0
6.31,31,88,69,4,3,1,0
7.98,35,91,94,1,3,5,0
5.26,75,97,71,3,4,5,0
7.48,79,83,97,3,4,5,0
7.98,67,86,61,2,5,5,0
6.67,47,52,39,1,3,5,0
8.85,56,89,98,4,5,1,0
5.53,70,84,38,3,1,3,0
5.38,46,92,98,4,2,5,0
8.64,91,85,90,4,4,5,0
7.48,58,84,40,3,1,3,1
8.44,87,54,97,3,4,0,0
7.17,99,55,37,2,0,0,0
6.23,51,78,78,1,2,1,0
9.1,35,92,53,0,5,1,0
9.0,55,74,62,1,5,4,0
8.47,68,68,48,0,4,1,0
6.36,41,94,31,3,3,3,0
7.95,43,98,84,4,5,5,0
6.8,51,85,40,1,0,3,0
5.46,80,38,46,4,0,4,0
9.59,52,99,71,1,3,2,0
5.68,77,57,90,1,0,2,0
9.75,79,74,32,4,2,3,1
7.23,42,55,64,2,4,2,0
5.93,39,57,95,3,0,2,0
7.71,84,69,30,2,2,4,1
9.36,38,44,36,2,3,5,0
8.66,81,35,49,1,4,1,0
9.03,31,56,72,3,3,1,0
8.29,54,67,35,1,4,2,0
8.46,42,97,84,0,0,0,0
9.25,80,93,50,1,0,4,1
6.25,87,59,80,4,4,5,0
7.45,63,32,75,1,2,5,0
6.11,64,91,64,0,2,2,0
9.94,32,41,37,1,2,0,0
9.72,88,59,97,0,1,0,0
5.2,99,67,45,3,5,5,0
8.53,77,89,96,1,5,4,0
9.63,93,67,93,0,5,1,0
5.9,48,44,31,3,2,5,0
7.84,96,47,30,4,0,5,0
9.58,34,81,87,2,1,3,0
5.17,96,58,30,0,2,0,0
8.49,40,89,36,4,0,3,0
6.49,97,50,98,3,1,3,0
9.62,98,46,47,4,0,4,0
9.86,30,47,61,1,4,5,0
9.72,92,86,74,2,0,1,1
7.37,58,66,62,0,1,4,1
9.31,41,89,78,3,2,0,0
9.22,70,67,62,2,5,1,0
6.6,31,41,97,3,1,5,0
9.14,66,30,57,4,2,2,0
5.19,74,87,82,3,2,1,0
7.98,77,32,73,3,3,4,0
6.15,53,92,84,4,4,4,0
5.6,51,50,39,4,3,3,0
5.38,40,52,43,2,5,5,0
8.48,87,38,65,0,1,2,0
6.7,75,84,63,4,3,5,0
8.62,58,48,47,2,5,1,0
5.33,64,91,45,3,2,2,0
6.58,44,68,66,3,1,5,0
7.7,89,56,70,1,3,3,0
8.95,71,75,54,4,0,2,1
6.59,72,63,37,2,5,2,0
8.13,78,62,47,2,5,1,0
9.43,93,79,97,0,4,2,0
8.08,61,49,77,2,0,3,0
6.16,93,69,99,4,1,0,0
5.12,31,87,96,2,3,0,0
9.35,53,60,47,1,2,4,0
5.11,95,67,47,3,3,0,0
9.37,67,74,85,3,1,1,1
7.64,60,70,52,2,1,4,1
9.7,55,38,64,2,1,0,0
8.99,58,38,35,2,1,0,0
9.99,96,92,55,2,5,4,0
6.75,54,51,90,1,3,1,0
8.84,77,45,44,4,0,4,0
7.01,94,61,61,1,2,1,1
7.4,82,95,41,1,2,1,1
8.14,96,43,34,1,4,5,0
9.37,47,67,93,3,5,3,0
9.92,38,37,56,1,1,0,0
8.84,67,50,74,2,1,5,0
7.09,50,85,64,1,1,0,0
7.11,94,75,55,2,5,5,0
8.69,50,72,52,4,0,2,0
6.19,56,75,42,3,1,4,0
5.55,99,77,32,4,4,5,0
6.77,73,99,58,4,4,3,0
6.44,57,60,95,3,0,0,0
6.48,74,62,93,2,5,2,0
6.17,46,73,57,2,1,3,0
5.21,69,37,65,2,3,1,0
5.09,32,31,35,3,3,0,0
9.94,95,46,40,1,2,5,0
7.14,75,81,67,0,0,4,1
6.92,59,74,63,1,3,3,0
8.4,98,66,96,1,2,2,1
6.09,38,71,75,4,4,4,0
9.75,40,73,58,0,2,1,0
8.93,98,67,89,2,1,4,1
5.45,95,35,83,1,1,2,0
7.09,60,97,98,3,4,1,0
9.4,62,80,38,1,0,2,1
9.72,68,64,39,2,5,0,0
7.34,75,87,97,1,1,2,1
8.07,66,86,87,4,1,4,1
5.84,89,35,81,4,2,0,0
9.96,60,42,63,1,2,0,0
6.16,40,88,64,4,2,3,0
9.71,31,59,62,3,3,4,0
8.25,56,31,61,0,4,4,0
8.04,31,87,84,1,0,1,0
7.56,50,65,37,3,2,2,0
6.15,87,74,75,3,0,5,0
5.88,34,38,43,3,2,2,0
6.1,81,94,37,2,1,4,0
5.93,74,79,83,1,0,2,0
8.9,49,61,50,1,3,4,0
6.75,90,72,43,1,2,0,0
5.29,67,83,31,0,5,2,0
9.85,49,76,90,3,4,2,0
9.42,54,43,46,1,1,4,0
9.64,31,77,77,4,2,4,0
9.97,61,84,37,2,0,1,1
5.87,55,58,85,0,2,2,0
6.98,99,76,46,2,1,3,0
8.79,70,92,98,3,4,4,0
8.48,96,48,41,4,4,3,0
5.77,30,38,67,3,4,0,0
9.08,80,66,47,1,5,0,0
6.12,34,81,55,2,1,3,0
6.12,42,86,66,4,5,5,0
7.68,48,57,99,2,5,0,0
7.96,41,65,70,0,2,3,0
7.9,77,93,71,4,1,1,1
5.46,54,47,70,0,1,1,0
9.39,86,64,76,4,2,0,1
6.33,64,97,43,1,3,3,0
5.65,34,68,30,2,5,3,0
9.44,51,37,46,2,4,3,0
9.78,86,44,84,3,0,5,0
9.31,76,36,82,4,5,0,0
9.05,83,46,60,4,0,5,0
8.28,32,93,91,0,2,3,0
7.75,82,41,37,4,0,4,0
5.43,60,85,59,2,3,3,0
7.04,98,75,95,4,1,4,1
6.86,62,76,74,3,4,1,0
6.3,79,45,47,3,0,4,0
8.62,45,98,74,2,0,1,0
7.48,68,31,48,2,2,0,0
5.41,75,83,97,2,2,5,0
6.1,76,56,79,4,1,5,0
8.42,73,60,54,4,4,1,0
5.38,38,70,67,1,0,1,0
9.26,79,65,65,0,1,3,1
7.48,89,76,97,4,4,2,0
7.4,44,72,85,1,1,1,0
7.96,65,94,68,1,0,4,1
9.12,92,79,92,3,2,0,1
6.74,98,30,36,4,2,5,0
8.39,70,86,87,1,2,4,1
7.83,53,45,88,3,3,5,0
6.34,78,57,77,0,1,0,0
9.39,47,51,34,3,0,4,0
8.99,36,70,65,0,1,5,0
8.29,33,48,54,2,2,1,0
9.25,98,79,74,2,5,2,0
9.34,89,88,48,3,5,1,0
8.54,84,98,36,2,1,5,1
9.19,45,63,87,4,4,3,0
8.49,58,68,95,3,5,4,0
8.4,52,36,68,1,5,2,0
8.09,43,81,47,4,1,4,0
8.76,78,89,30,3,3,3,0
5.79,62,81,92,0,3,3,0
9.4,54,53,32,2,2,3,0
9.36,50,55,50,2,0,5,0
5.15,46,39,59,2,4,1,0
9.13,52,46,40,3,0,5,0
5.64,86,31,51,4,0,1,0
6.68,87,56,86,0,4,2,0
8.72,43,77,32,2,3,3,0
5.8,49,38,59,4,5,1,0
9.09,59,52,74,1,2,0,0
9.16,48,56,65,1,1,0,0
7.54,82,72,93,0,3,1,0
5.03,85,36,83,2,2,2,0
6.44,52,92,97,1,5,4,0
8.08,91,73,79,4,3,5,0
9.91,62,68,60,4,4,3,0
8.16,47,69,58,1,0,1,0
6.3,62,36,88,2,4,2,0
8.17,61,99,65,0,5,5,0
7.7,90,54,96,2,1,4,0
8.9,83,88,40,3,4,2,0
5.53,46,42,40,1,5,4,0
8.81,48,91,55,3,0,0,0
7.71,99,37,82,1,3,5,0
9.81,63,74,43,0,2,5,1
6.71,54,47,93,2,5,4,0
8.16,97,89,39,2,5,0,0
9.66,40,89,60,1,1,3,0
5.51,45,31,65,4,3,1,0
9.69,90,95,39,3,5,0,0
8.44,36,43,55,2,5,2,0
5.34,45,77,49,2,2,4,0
6.5,45,85,73,1,0,5,0
8.54,69,41,91,4,4,2,0
5.34,41,84,38,3,3,5,0
7.91,64,57,53,4,2,0,0
6.73,50,33,41,4,2,5,0
8.1,79,65,89,1,4,5,0
5.23,72,79,45,4,3,5,0
9.36,46,32,58,3,3,5,0
9.87,61,30,61,0,0,2,0
9.84,70,46,64,0,3,4,0
8.75,35,91,72,3,5,1,0
5.65,56,77,82,1,4,2,0
8.79,49,91,49,2,3,3,0
5.12,54,98,37,1,0,4,0
5.11,95,48,71,3,2,4,0
6.62,38,63,99,4,5,3,0
7.44,82,78,45,0,3,0,0
8.85,90,76,98,4,4,3,0
8.42,67,79,82,1,3,0,0
7.23,32,55,74,3,1,1,0
6.37,99,85,80,0,0,0,0
9.99,84,43,35,3,2,1,0
7.13,30,54,62,0,1,1,0
7.26,99,33,44,0,4,5,0
5.82,74,61,43,0,3,5,0
8.97,76,94,68,1,0,3,1
8.47,55,90,92,3,5,1,0
6.1,43,49,34,2,3,0,0
5.41,83,39,81,2,3,2,0
8.4,75,63,45,2,3,5,0
8.27,60,90,67,3,5,4,0
6.37,88,56,82,4,3,4,0
9.75,58,69,82,3,0,0,1
5.76,46,94,75,0,5,5,0
7.16,43,62,44,4,5,2,0
9.72,65,97,88,0,1,1,1
7.1,87,38,79,0,4,5,0
8.19,53,45,38,3,5,0,0
6.99,92,34,55,2,1,1,0
6.37,54,52,32,4,0,5,0
9.92,88,72,76,1,4,3,0
7.05,61,86,34,2,5,2,0
9.47,47,80,91,1,2,4,0
6.15,66,42,34,3,1,0,0
6.07,55,53,39,4,0,4,0
5.16,38,40,92,3,0,1,0
8.26,93,81,54,1,0,1,1
6.84,49,46,73,0,4,3,0
9.32,83,66,54,3,3,1,0
7.37,59,42,59,4,2,1,0
9.84,82,91,43,3,4,4,0
5.93,92,37,72,2,4,4,0
9.34,40,85,57,3,5,0,0
8.88,60,99,48,1,1,0,1
8.85,78,73,71,3,2,1,1
9.22,48,89,49,4,0,5,0
8.81,41,70,40,3,4,2,0
8.13,44,50,83,3,2,0,0
5.66,60,71,53,4,1,1,0
5.16,72,58,99,3,3,5,0
9.6,66,94,46,4,2,5,1
8.08,58,46,57,1,0,4,0
8.98,55,59,79,4,4,5,0
7.41,31,55,84,1,3,3,0
5.59,44,82,39,1,1,4,0
5.63,33,48,50,4,0,4,0
8.43,79,82,87,3,3,3,0
7.15,67,46,63,2,5,4,0
6.0,52,75,72,4,5,0,0
7.46,88,82,40,3,1,4,1
5.32,57,93,62,1,0,3,0
7.91,95,74,87,0,4,1,0
6.34,37,78,75,2,1,1,0
8.99,58,48,90,3,3,1,0
6.55,40,94,91,2,0,3,0
7.28,47,66,30,0,5,3,0
5.06,84,99,50,0,5,0,0
5.36,79,55,91,0,2,3,0
6.96,43,31,93,4,0,5,0
7.4,38,88,85,2,3,1,0
8.0,40,34,30,4,3,3,0
6.46,92,66,50,0,2,2,0
8.47,96,60,51,3,3,4,0
9.3,82,77,83,0,0,0,1
8.9,68,35,33,4,5,1,0
5.2,85,44,94,0,1,5,0
7.4,57,44,80,0,5,5,0
5.52,68,90,92,4,5,1,0
6.21,54,45,44,4,0,5,0
9.93,50,49,65,3,3,2,0
5.71,39,73,58,4,2,0,0
7.49,72,71,81,3,2,4,1
8.09,44,75,75,1,4,0,0
8.51,77,63,98,1,2,0,1
7.8,50,93,58,4,2,1,0
5.05,89,58,76,0,3,3,0
6.63,79,32,54,2,1,4,0
7.59,52,38,45,0,1,0,0
5.44,42,54,70,4,3,2,0
6.75,98,71,94,3,2,1,0
5.17,33,75,98,0,0,3,0
5.39,38,88,49,1,5,3,0
6.98,64,50,98,4,5,1,0
5.66,50,51,65,0,1,0,0
7.84,87,58,87,0,3,5,0
8.45,47,92,77,3,0,1,0
9.0,72,90,31,3,2,5,1
6.0,35,93,58,3,3,3,0
5.84,96,98,45,2,1,3,0
5.52,41,69,64,4,0,2,0
8.18,41,30,91,4,0,2,0
8.53,95,94,33,1,1,3,1
5.16,31,91,97,1,0,2,0
9.68,44,83,80,4,5,2,0
5.26,52,89,62,0,1,2,0
7.71,58,75,53,4,5,3,0
8.55,36,34,54,2,3,0,0
9.35,57,51,57,1,4,0,0
8.57,43,82,36,1,2,4,0
9.01,73,99,65,1,3,2,0
6.7,59,61,39,4,5,0,0
9.07,61,40,65,1,2,4,0
5.4,99,39,47,1,2,1,0
9.47,35,68,35,4,5,2,0
7.74,56,60,36,0,5,0,0
9.09,53,41,41,1,1,0,0
7.26,63,67,70,1,4,5,0
8.22,69,96,92,1,5,0,0
7.63,76,95,54,2,2,5,1
8.66,53,81,82,4,2,4,0
5.41,94,34,62,1,3,5,0
5.3,47,40,35,2,4,1,0
6.24,73,54,91,0,4,2,0
5.8,86,64,95,0,2,0,0
9.36,57,64,38,2,4,3,0
6.1,52,51,96,0,3,2,0
9.88,63,66,45,3,1,3,1
6.68,40,84,84,0,2,4,0
5.91,64,93,69,3,0,0,0
8.95,71,49,55,2,2,2,0
8.29,57,33,67,3,2,2,0
7.49,53,47,64,0,1,0,0
7.78,37,80,97,1,5,1,0
8.6,82,97,88,3,5,4,0
6.14,33,49,43,0,0,0,0
9.98,34,38,76,1,0,5,0
9.87,78,55,71,2,0,2,0
8.25,59,54,80,2,5,1,0
6.0,92,97,48,4,1,2,0
8.4,76,70,95,2,4,3,0
5.36,55,88,76,4,0,2,0
5.15,86,74,94,2,4,4,0
6.29,66,70,71,2,3,0,0
7.31,36,67,67,2,1,2,0
9.34,69,48,42,4,4,5,0
8.64,68,43,73,4,5,3,0
8.71,91,50,53,3,5,3,0
7.13,82,44,59,0,0,0,0
6.73,33,32,99,0,0,3,0
6.86,54,66,67,0,4,0,0
9.94,36,75,52,2,5,4,0
5.2,57,45,86,0,4,0,0
9.34,98,43,52,4,3,1,0
7.89,96,38,65,3,1,3,0
7.19,49,36,86,1,5,3,0
8.63,40,43,30,3,2,5,0
7.43,96,35,32,0,5,2,0
9.37,36,44,43,0,3,1,0
9.5,52,81,63,4,5,2,0
7.11,90,63,99,3,3,0,0
6.38,63,30,98,4,5,4,0
7.96,48,98,80,4,3,5,0
9.56,87,49,58,1,0,3,0
6.05,38,36,77,4,4,4,0
8.11,77,36,45,4,5,0,0
8.16,70,79,86,1,1,0,1
8.67,77,31,39,2,0,1,0
5.66,74,76,48,2,3,2,0
8.58,54,43,96,1,1,3,0
9.55,54,60,65,4,0,3,0
5.9,48,79,33,0,2,4,0
6.19,68,90,62,3,5,1,0
9.86,56,70,57,0,5,5,0
5.9,92,43,38,0,3,0,0
9.27,97,34,35,4,0,1,0
7.46,48,34,78,3,0,3,0
6.24,57,93,51,3,3,5,0
9.35,62,58,77,2,2,2,0
7.23,39,34,50,1,5,4,0
7.57,59,65,62,4,4,0,0
6.8,51,48,85,3,2,0,0
7.96,32,93,58,4,3,0,0
5.82,77,51,82,2,4,2,0
6.96,31,63,69,0,0,3,0
9.85,83,85,47,3,2,3,1
6.29,35,46,76,2,2,1,0
8.28,69,85,42,4,5,5,0
6.63,31,46,56,2,5,1,0
8.87,31,47,91,2,4,3,0
5.65,84,74,74,2,0,0,0
9.85,89,85,32,2,2,2,1
7.27,35,79,51,2,4,3,0
6.18,48,87,56,2,2,2,0
5.37,56,47,84,1,5,4,0
5.85,30,36,96,4,0,0,0
7.6,62,39,62,0,0,4,0
6.69,69,98,31,4,1,3,0
9.14,61,32,75,3,4,1,0
7.15,98,73,62,3,5,3,0
6.24,46,99,87,4,5,4,0
8.09,37,43,36,2,5,2,0
8.53,86,33,44,1,3,5,0
5.84,71,47,55,0,2,5,0
5.84,38,81,40,2,0,3,0
5.18,64,67,67,4,2,1,0
8.68,82,49,56,4,2,4,0
8.32,83,73,36,1,3,3,0
7.37,54,80,30,1,0,4,0
9.22,96,48,50,4,1,4,0
9.03,91,97,59,2,5,0,0
7.93,84,95,37,2,4,5,0
9.34,75,42,32,2,2,5,0
6.03,53,91,84,0,3,2,0
5.56,75,90,44,0,3,0,0
6.35,51,59,65,2,4,5,0
5.29,40,59,35,4,4,4,0
7.66,77,80,71,1,0,1,1
9.68,37,77,79,3,2,1,0
5.2,68,62,47,1,2,0,0
5.61,64,48,79,1,4,1,0
7.26,78,86,59,3,5,4,0
9.67,75,48,68,2,1,3,0
6.58,67,70,41,1,2,4,0
7.54,37,71,88,3,3,5,0
5.21,83,81,73,4,5,3,0
5.74,66,33,33,4,4,1,0
9.93,69,33,65,4,2,2,0
9.83,63,34,77,2,0,2,0
5.02,46,70,43,1,4,4,0
9.76,62,90,78,1,3,4,0
8.2,76,84,96,0,0,1,1
9.34,81,42,38,4,4,2,0
7.27,38,43,50,2,4,2,0
7.58,62,89,45,3,2,4,1
7.44,89,54,45,2,0,5,0
8.33,50,73,57,1,4,2,0
5.7,87,39,80,4,5,4,0
5.15,98,79,85,0,3,0,0
6.54,39,73,86,2,0,2,0
8.52,35,43,81,0,5,3,0
6.01,42,44,75,1,2,1,0
8.37,94,45,67,3,1,4,0
9.85,49,31,77,2,4,2,0
5.47,86,59,70,1,1,2,0
8.36,75,59,88,4,4,5,0
7.22,37,60,96,2,5,4,0
9.34,39,49,95,0,2,3,0
5.89,96,78,56,2,2,2,0
8.46,40,64,61,1,2,0,0
9.19,41,52,85,1,2,1,0
9.72,39,90,39,0,0,4,0
8.42,54,84,69,1,0,2,0
7.49,78,96,46,2,4,5,0
8.09,78,37,87,0,0,5,0
9.34,40,69,35,1,4,1,0
7.85,91,88,68,1,0,4,1
5.15,65,61,47,2,0,4,0
9.65,68,36,71,1,0,4,0
8.45,82,31,33,2,3,3,0
8.38,85,35,49,4,2,0,0
6.08,30,65,57,2,3,5,0
8.29,85,61,69,3,0,4,1
6.97,33,74,94,1,0,3,0
8.26,59,71,73,4,3,4,0
5.53,41,82,52,0,5,4,0
8.29,64,38,86,3,4,3,0
10.0,81,78,76,0,2,0,1
5.24,60,31,42,3,4,1,0
9.89,97,96,45,4,5,5,0
7.03,81,40,84,4,2,2,0
9.35,36,79,94,4,1,4,0
8.91,51,64,45,3,2,0,0
7.84,85,44,66,2,4,5,0
8.69,87,60,81,0,2,2,0
9.39,93,91,39,2,1,4,1
7.02,41,57,67,2,1,2,0
6.64,36,54,73,1,0,3,0
8.34,84,54,83,0,1,5,0
9.04,91,30,80,3,3,0,0
8.81,84,88,81,1,4,0,0
8.99,65,98,99,1,3,5,0
7.18,53,71,88,4,5,1,0
9.09,73,63,42,3,3,1,0
5.6,46,95,70,2,4,2,0
7.72,31,47,41,2,5,3,0
5.03,42,34,79,2,3,2,0
6.62,60,49,86,4,3,4,0
6.83,57,95,79,2,5,0,0
6.98,89,91,86,0,3,2,0
8.48,56,61,83,2,1,2,1
6.94,44,87,95,2,4,5,0
7.24,62,79,37,0,4,0,0
6.19,49,67,92,4,4,0,0
6.87,71,84,38,1,3,1,0
6.14,41,57,89,3,1,1,0
5.37,52,51,92,4,4,0,0
8.02,43,72,32,2,2,2,0
8.34,54,65,42,1,4,4,0
8.1,60,81,38,3,0,2,1
7.32,83,65,81,3,2,4,1
6.9,34,57,91,3,4,0,0
9.32,42,87,37,0,3,5,0
7.6,57,65,74,0,4,4,0
7.4,72,99,82,1,1,1,1
5.13,76,38,92,2,1,5,0
6.71,67,50,86,1,4,0,0
6.9,96,93,83,2,3,3,0
6.99,91,90,48,4,3,4,0
7.9,68,69,96,3,3,4,0
7.67,66,85,75,3,4,5,0
8.04,37,33,39,0,4,3,0
8.82,81,60,47,4,0,3,0
9.06,62,56,41,4,1,0,0
8.59,71,87,78,2,2,5,1
9.78,56,54,52,4,2,2,0
5.09,37,98,91,0,1,3,0
5.98,52,99,40,2,5,4,0
5.04,93,34,85,1,0,3,0
8.24,49,37,84,2,1,0,0
9.49,45,38,54,1,0,0,0
6.22,46,44,38,2,5,4,0
9.64,48,36,41,3,0,4,0
5.3,37,44,40,1,3,4,0
9.67,67,66,67,0,1,2,1
6.76,67,68,57,1,2,4,0
5.51,82,35,37,1,4,5,0
7.43,60,86,76,2,5,0,0
6.28,73,48,65,3,5,0,0
6.42,89,92,79,2,4,3,0
6.54,46,60,38,2,1,4,0
9.02,68,39,89,3,4,2,0
7.7,71,96,96,2,0,5,1
6.56,77,91,82,3,4,1,0
8.05,41,32,46,0,0,3,0
8.58,47,47,82,3,0,5,0
6.36,35,54,57,4,2,2,0
7.07,72,49,92,3,4,4,0
5.61,64,87,44,3,2,2,0
5.91,83,79,48,4,4,1,0
8.41,91,39,99,3,0,5,0
5.91,98,50,76,1,4,2,0
7.63,45,58,77,2,5,1,0
8.55,37,39,49,2,5,1,0
5.53,60,42,66,0,2,5,0
7.84,39,76,31,0,3,1,0
6.28,85,52,93,4,5,5,0
9.81,99,79,65,1,2,2,1
7.42,49,33,34,0,3,4,0
9.03,34,96,93,2,1,0,0
7.75,52,82,36,0,2,0,0
5.22,38,31,99,0,5,2,0
8.17,87,97,51,3,5,4,0
9.76,88,94,75,0,4,0,0
8.01,83,86,69,4,3,1,0
9.1,75,99,90,2,5,2,0
9.42,51,36,75,4,4,2,0
6.14,93,48,57,4,3,3,0
6.06,37,73,64,1,2,3,0
8.05,49,92,30,3,2,3,0
7.06,80,94,58,4,4,5,0
9.2,68,68,38,1,2,4,1
9.5,66,55,38,2,4,2,0
6.77,79,73,51,2,0,3,0
6.18,63,41,92,1,3,2,0
8.9,62,51,95,4,4,1,0
6.37,60,43,87,4,3,3,0
9.11,83,59,99,3,0,2,0
7.12,73,73,84,3,3,4,0
8.34,63,67,42,2,4,5,0
5.48,91,88,48,3,2,4,0
8.12,52,71,62,1,3,4,0
7.26,75,81,94,2,3,3,0
7.93,85,92,89,4,5,4,0
5.84,36,90,41,2,5,5,0
8.68,90,63,72,0,0,0,1
9.31,32,68,46,2,1,5,0
6.08,67,70,97,3,2,1,0
5.48,63,66,58,1,4,5,0
5.12,73,94,84,4,0,2,0
8.21,59,61,36,4,4,0,0
8.04,46,37,73,3,4,3,0
7.73,88,47,34,3,3,2,0
6.16,39,74,89,3,0,5,0
6.95,47,62,35,0,0,2,0
7.97,74,34,36,1,5,4,0
7.48,88,65,75,0,2,2,1
9.94,91,52,86,3,1,2,0
5.68,88,69,83,1,4,5,0
8.48,78,34,75,3,2,1,0
7.02,92,63,39,1,5,5,0
7.14,61,53,33,4,2,3,0
8.59,39,46,96,0,4,0,0
8.46,40,51,54,3,3,4,0
9.96,99,44,90,3,3,1,0
5.64,91,44,67,2,4,0,0
5.52,76,54,61,4,5,0,0
8.62,63,82,52,3,5,1,0
7.89,46,50,66,0,0,4,0
6.37,83,95,32,4,1,3,0
5.4,69,61,42,3,3,1,0
5.43,48,50,63,0,1,1,0
9.47,96,97,94,2,2,1,1
5.96,82,73,37,2,2,4,0
6.62,93,95,38,0,4,1,0
6.13,76,43,57,4,4,1,0
6.77,35,44,47,0,4,2,0
5.35,45,49,71,0,5,2,0
7.6,47,63,70,2,3,2,0
5.34,81,65,99,2,1,2,0
9.0,77,38,62,2,2,1,0
6.17,72,59,83,3,1,2,0
7.7,68,92,65,3,3,0,0
9.4,78,64,85,1,1,3,1
8.25,41,42,46,3,1,2,0
7.66,39,75,39,4,5,4,0
6.62,84,85,73,4,4,3,0
6.67,30,38,31,2,5,5,0
8.35,78,65,43,0,5,5,0
9.97,65,32,70,2,1,0,0
8.31,50,48,31,0,1,3,0
7.79,66,57,48,2,5,3,0
8.65,53,52,30,2,1,0,0
7.33,84,36,31,4,5,5,0
5.3,54,43,56,0,0,2,0
7.81,36,75,31,1,5,0,0
9.79,53,44,80,1,2,4,0
5.88,40,96,39,2,2,0,0
8.45,41,44,48,2,1,1,0
6.0,64,80,42,4,5,5,0
7.68,92,37,77,0,5,1,0
5.48,97,98,85,2,4,5,0
7.25,86,91,85,1,4,5,0
8.78,42,80,79,0,4,3,0
6.74,52,92,74,2,5,2,0
8.32,68,97,88,0,5,2,0
8.98,41,45,68,4,2,5,0
9.64,63,53,50,1,3,5,0
6.17,60,35,84,0,1,1,0
7.0,91,86,86,1,2,4,0
5.76,42,60,70,2,4,0,0
9.96,60,35,99,3,2,5,0
9.64,31,58,78,0,2,5,0
7.7,44,96,73,1,2,0,0
9.21,86,32,64,0,4,0,0
7.6,63,57,34,2,3,4,0
8.12,97,77,80,2,0,4,1
5.45,58,39,86,1,1,0,0
8.78,95,62,87,4,1,5,1
5.64,45,96,65,0,2,5,0
9.13,68,98,39,0,3,0,0
8.91,66,41,79,2,4,5,0
8.54,50,86,66,0,0,4,0
5.18,73,73,49,1,0,0,0
6.52,48,42,42,3,2,4,0
6.32,37,53,48,2,2,5,0
6.8,95,73,85,3,4,5,0
5.44,70,86,74,0,4,3,0
9.68,99,45,89,4,5,1,0
7.77,90,50,97,1,4,1,0
6.53,55,80,86,0,2,4,0
6.98,99,50,83,1,3,0,0
7.24,58,89,66,0,2,1,1
8.0,95,80,66,0,2,5,1
7.58,48,50,43,0,0,2,0
9.6,97,35,73,2,4,0,0
7.48,87,94,71,3,1,4,1
9.96,99,87,30,4,4,5,0
9.26,86,35,52,3,5,5,0
6.04,66,94,93,3,3,2,0
9.65,90,63,57,1,3,4,0
5.58,59,85,33,2,4,0,0
9.09,54,32,70,2,4,5,0
6.9,94,71,89,0,2,3,0
9.39,35,91,47,3,1,5,0
9.34,47,35,92,4,2,3,0
9.03,39,35,90,1,0,3,0
8.95,40,92,78,2,0,0,0
6.52,94,49,76,0,3,0,0
5.4,94,50,68,4,3,2,0
7.01,81,31,35,3,1,5,0
5.87,96,85,82,4,3,0,0
8.47,60,39,54,2,5,0,0
6.73,46,99,94,1,0,2,0
9.88,84,52,34,3,1,2,0
8.2,65,59,94,1,0,5,0
9.11,55,66,37,4,4,4,0
5.66,82,84,68,4,4,1,0
9.31,46,78,72,0,1,5,0
9.61,54,63,34,3,2,1,0
7.44,31,73,33,4,5,4,0
8.03,34,51,30,2,5,3,0
8.82,33,60,85,2,3,5,0
5.87,65,36,74,1,1,0,0
7.51,35,50,94,2,5,2,0
6.99,50,45,32,4,3,5,0
5.73,55,49,51,2,0,2,0
6.84,84,72,85,3,2,3,0
5.34,68,73,47,1,3,2,0
5.13,62,76,54,3,4,3,0
5.68,43,48,77,4,4,4,0
9.82,85,77,60,4,0,3,1
7.75,50,98,59,2,1,1,0
9.83,75,40,95,0,3,5,0
7.16,45,58,39,0,0,3,0
6.56,45,74,88,4,4,5,0
7.53,58,97,80,4,4,4,0
7.2,37,65,38,1,4,3,0
5.53,32,77,83,4,2,4,0
8.2,48,44,91,4,2,1,0
6.08,95,73,38,1,4,0,0
8.1,51,96,38,3,5,4,0
8.25,75,69,53,3,1,0,1
5.76,42,43,68,1,2,4,0
5.31,62,92,37,1,3,3,0
8.9,34,80,54,3,2,0,0
7.3,56,87,95,3,3,4,0
5.29,53,44,39,3,2,5,0
9.97,96,94,53,3,4,4,0
5.29,92,84,88,2,3,0,0
8.48,77,39,60,1,1,5,0
9.92,92,71,40,0,2,4,1
6.2,41,40,35,2,2,0,0
5.71,57,45,99,0,4,1,0
5.61,73,48,61,0,3,2,0
6.52,72,60,68,4,5,1,0
5.51,46,82,77,1,4,0,0
8.46,69,37,42,2,3,3,0
5.31,78,53,88,1,2,3,0
7.55,86,37,96,3,2,2,0
9.98,93,77,85,1,2,0,1
9.07,86,59,70,0,2,5,0
8.08,99,87,85,3,0,4,1
6.53,72,84,64,1,2,1,0
8.12,52,91,67,1,2,5,0
7.64,56,77,96,0,5,1,0
7.13,87,33,63,3,5,2,0
5.65,66,66,99,0,3,2,0
9.43,35,37,40,1,2,2,0
7.25,94,30,56,2,2,5,0
5.97,35,99,77,2,3,5,0
6.84,79,76,53,4,2,2,0
7.07,51,34,47,2,2,5,0
9.14,54,79,56,3,4,2,0
8.67,80,53,83,4,0,5,0
8.85,77,76,84,3,3,2,0
5.06,99,47,50,2,4,4,0
7.08,94,57,88,2,5,4,0
7.41,89,34,63,1,1,1,0
5.1,75,59,87,3,1,1,0
6.3,65,30,77,0,5,2,0
8.8,87,75,83,1,0,1,1
5.69,67,98,47,3,1,5,0
7.68,40,60,32,4,0,2,0
6.08,41,99,53,3,1,4,0
5.06,71,85,30,4,1,3,0
6.21,68,57,35,4,4,4,0
9.88,40,45,48,2,1,0,0
9.01,65,83,72,0,5,4,0
9.8,81,82,37,3,0,0,1
7.44,60,41,98,0,2,1,0
5.55,62,49,81,4,2,4,0
7.74,42,63,76,2,2,3,0
7.27,47,82,57,0,0,5,0
9.22,70,93,75,1,0,4,1
5.49,87,52,33,4,2,5,0
7.44,85,56,37,1,5,4,0
5.75,53,46,90,0,1,4,0
6.62,60,77,46,0,2,5,0
8.69,84,50,63,0,3,5,0
7.38,39,79,49,3,0,2,0
6.88,89,69,63,4,3,4,0
6.97,31,32,72,4,3,4,0
7.3,44,46,39,4,0,3,0
8.93,32,90,59,3,2,5,0
9.46,72,79,54,0,5,5,0
9.78,60,35,86,0,4,0,0
8.93,99,57,92,1,3,0,0
6.58,96,84,76,3,2,5,0
8.44,85,87,32,2,4,3,0
7.19,92,74,75,3,3,1,0
6.27,44,48,65,1,2,4,0
9.2,39,58,55,1,3,1,0
5.19,67,52,39,1,2,3,0
9.51,76,61,63,0,5,1,0
7.31,86,39,37,2,1,0,0
8.19,79,78,84,1,1,2,1
8.3,44,94,39,4,0,1,0
9.48,47,58,86,0,4,2,0
8.18,31,88,74,2,3,1,0
8.07,72,74,79,4,3,3,0
5.33,55,96,93,2,2,2,0
7.59,67,80,31,2,4,1,0
5.75,71,40,74,4,3,3,0
8.69,34,35,91,3,4,5,0
7.56,40,96,43,2,4,0,0
8.4,94,91,44,3,1,4,1
5.21,63,34,43,2,3,3,0
5.42,30,38,60,4,3,3,0
8.58,31,57,58,2,0,0,0
5.36,49,67,56,1,4,2,0
5.36,90,72,38,1,2,1,0
5.06,50,50,49,2,1,2,0
9.78,97,91,87,4,0,3,1
8.69,41,75,78,4,1,5,0
6.77,51,99,86,0,2,1,0
6.48,49,67,45,4,0,4,0
6.75,30,78,37,3,1,4,0
8.87,59,68,96,2,2,1,1
8.31,53,59,48,1,5,3,0
5.93,43,50,96,4,0,5,0
5.87,65,30,65,1,2,0,0
5.49,98,61,89,0,0,5,0
8.3,53,37,65,2,3,2,0
8.82,89,98,40,4,3,5,0
6.33,84,59,80,1,1,5,0
5.1,53,37,84,4,4,2,0
5.41,53,48,83,0,5,0,0
9.84,83,88,46,1,4,0,0
6.48,55,84,91,1,2,4,0
8.85,95,59,71,2,0,0,0
8.12,67,65,53,2,3,1,0
6.91,94,84,46,1,4,4,0
6.03,80,73,77,2,3,3,0
5.61,64,56,99,1,5,4,0
8.08,72,83,36,3,2,5,1
8.87,58,77,43,4,5,5,0
8.22,66,59,40,3,5,4,0
7.65,87,68,41,3,2,2,1
5.21,83,42,34,4,0,0,0
9.84,68,45,34,1,5,5,0
8.99,71,73,49,1,4,5,0
6.46,57,56,83,2,2,1,0
9.9,58,74,84,0,2,0,1
8.01,72,64,87,1,3,5,0
7.91,32,57,59,4,1,2,0
8.74,39,36,53,0,5,5,0
9.06,88,91,32,4,4,0,0
8.28,43,80,77,4,0,1,0
5.64,76,75,51,4,5,0,0
6.69,71,49,43,0,0,2,0
9.64,61,67,77,3,3,1,0
6.12,61,90,58,4,5,0,0
6.86,71,61,79,2,0,2,0
7.16,61,55,39,1,5,2,0
7.2,55,87,56,1,2,4,0
8.06,30,68,57,1,5,5,0
9.72,85,49,38,0,4,1,0
6.2,31,79,55,2,5,1,0
5.61,59,81,37,2,0,5,0
5.99,81,51,31,2,4,0,0
9.43,38,82,86,2,0,4,0
8.23,51,95,81,2,1,1,0
6.43,63,72,87,3,1,2,0
9.08,78,52,32,2,4,1,0
9.31,30,93,37,2,1,4,0
9.23,82,38,88,0,1,5,0
9.59,69,36,31,0,2,3,0
6.26,74,70,91,2,0,5,0
8.78,97,83,78,3,1,2,1
7.3,38,94,49,2,4,1,0
9.21,51,31,58,2,2,5,0
8.64,47,33,46,2,1,2,0
8.88,72,61,51,4,5,0,0
8.28,68,31,35,3,4,2,0
5.89,35,93,91,1,0,1,0
7.73,77,43,60,2,5,0,0
9.92,36,49,91,1,1,0,0
9.69,98,78,41,3,4,0,0
5.22,45,37,41,2,5,3,0
5.82,30,92,92,1,4,3,0
5.66,66,75,45,1,3,0,0
8.63,66,50,54,3,5,5,0
9.09,93,61,51,2,4,5,0
6.07,91,37,47,4,5,5,0
7.53,90,45,74,3,3,1,0
9.2,62,69,97,4,0,0,1
8.66,95,56,41,2,0,5,0
7.71,59,47,78,1,2,0,0
7.95,49,64,62,3,5,2,0
7.54,89,81,92,3,3,5,0
6.49,53,44,47,3,4,2,0
7.83,33,92,83,0,2,2,0
8.44,66,82,56,2,5,5,0
9.37,33,95,54,0,2,4,0
8.18,47,60,63,3,5,2,0
8.81,95,90,89,3,0,5,1
5.8,77,93,83,4,4,2,0
7.31,62,63,34,0,3,1,0
5.05,87,84,65,1,0,3,0
6.23,57,88,83,2,2,3,0
8.63,64,32,65,1,1,3,0
9.96,39,46,98,1,2,4,0
5.5,94,75,68,2,1,0,0
7.01,71,67,99,3,5,2,0
9.0,38,64,33,4,0,1,0
6.02,89,30,94,3,5,4,0
7.78,44,58,69,3,3,3,0
8.67,86,33,66,0,4,4,0
8.08,98,90,96,1,1,1,1
5.94,51,46,60,1,4,5,0
6.78,93,57,76,1,5,4,0
8.92,70,79,56,4,0,3,1
7.77,85,37,80,4,0,0,0
5.03,52,63,49,4,5,3,0
8.8,54,88,42,2,5,3,0
5.18,35,47,92,4,0,3,0
8.73,63,88,73,0,3,4,0
6.01,92,56,53,0,1,1,0
9.79,38,45,32,3,4,3,0
6.84,89,39,39,3,2,5,0
6.63,78,51,94,3,5,4,0
5.74,80,45,78,3,5,1,0
6.53,89,41,87,0,0,0,0
9.38,99,80,31,3,4,3,0
9.98,66,30,95,0,4,2,0
6.84,60,56,60,4,3,4,0
7.24,70,96,97,4,1,5,1
8.61,91,41,66,2,3,0,0
9.43,87,59,53,3,3,0,0
7.97,43,38,73,4,4,0,0
6.96,65,82,70,4,1,4,0
7.06,65,90,80,1,1,1,1
8.48,37,83,71,1,1,2,0
5.02,55,66,69,0,0,5,0
8.1,65,94,77,2,1,1,1
6.78,77,71,33,1,4,3,0
8.97,57,78,89,2,0,2,1
5.46,97,33,68,4,2,1,0
7.94,91,93,34,0,5,3,0
7.4,80,80,35,2,3,2,0
8.21,71,89,43,1,1,4,1
5.32,58,60,99,4,2,5,0
7.9,39,87,41,3,1,5,0
7.81,68,33,91,4,3,3,0
7.8,30,51,56,1,4,1,0
8.02,68,32,83,1,4,2,0
8.38,50,76,41,3,3,3,0
9.02,94,67,37,4,2,3,1
6.35,44,62,45,2,0,4,0
9.13,33,77,81,2,5,3,0
7.49,89,94,55,4,5,2,0
5.39,90,55,37,2,5,0,0
5.29,49,37,74,4,0,2,0
6.67,39,79,48,4,1,2,0
8.92,63,67,46,1,3,4,0
8.54,77,39,94,0,3,4,0
8.94,62,71,58,1,0,5,1
7.59,90,66,43,2,2,5,1
7.2,39,55,46,0,5,3,0
5.74,83,41,42,4,3,5,0
6.64,94,78,92,2,4,4,0
7.17,30,43,62,3,4,3,0
5.44,34,75,58,2,3,0,0
6.1,44,64,66,0,5,1,0
7.99,57,58,75,0,5,4,0
8.68,52,41,53,4,5,4,0
9.99,46,73,43,3,2,0,0
9.67,42,95,34,4,4,4,0
8.21,43,31,82,3,2,5,0
7.11,40,88,59,3,0,5,0
8.18,57,46,89,4,1,5,0
8.93,71,39,57,2,5,0,0
5.59,90,47,55,1,0,3,0
7.05,93,51,47,3,1,4,0
9.2,60,87,65,0,4,4,0
6.92,39,82,37,4,1,5,0
7.86,37,30,47,2,1,3,0
7.94,50,90,87,3,3,4,0
5.92,88,60,61,2,1,2,0
6.81,79,60,78,4,3,0,0
6.67,98,95,77,0,1,1,0
5.13,99,48,94,3,3,2,0
5.12,59,82,62,3,4,1,0
9.16,46,51,79,2,4,2,0
6.37,49,52,33,4,1,2,0
7.59,77,44,65,1,2,2,0
6.49,31,55,57,3,4,0,0
9.7,66,32,32,0,0,1,0
6.3,30,49,35,3,0,3,0
7.15,33,69,74,3,3,3,0
9.36,83,68,52,1,2,5,1
9.21,54,47,36,1,5,4,0
5.93,32,70,90,4,3,0,0
9.01,38,99,94,3,1,5,0
7.29,63,56,35,3,4,5,0
7.41,72,44,53,2,2,0,0
5.67,51,66,66,2,3,0,0
5.4,99,87,74,0,3,2,0
8.64,31,34,80,0,0,0,0
7.48,95,36,74,2,1,3,0
7.18,61,70,92,0,3,0,0
8.65,45,39,58,3,0,2,0
8.83,30,91,54,1,2,1,0
5.79,77,55,39,3,3,5,0
8.05,79,97,64,2,5,0,0
5.68,42,53,84,4,5,5,0
8.76,44,70,54,4,0,1,0
8.28,82,94,74,2,5,4,0
9.78,73,46,41,3,1,2,0
5.34,37,53,33,0,4,5,0
5.29,75,56,96,0,5,0,0
6.41,98,36,46,4,2,4,0
6.31,48,41,94,2,3,4,0
6.23,67,32,82,2,0,1,0
9.53,40,39,86,1,3,5,0
6.25,72,62,57,4,4,5,0
6.36,49,75,45,2,3,3,0
8.8,49,88,50,1,3,3,0
7.25,50,81,71,0,0,3,0
8.88,86,35,83,4,4,5,0
5.33,79,31,61,4,2,5,0
7.44,55,58,67,2,0,3,0
5.17,59,69,99,2,4,2,0
5.31,60,90,67,3,4,0,0
9.53,71,97,83,0,3,0,0
5.7,97,97,89,0,1,2,0
7.66,90,58,76,1,1,1,0
7.06,90,91,41,1,2,0,1
6.74,99,89,82,3,3,5,0
9.5,97,70,62,0,1,4,1
5.11,46,94,57,1,0,5,0
8.32,48,93,32,0,2,0,0
9.82,80,92,55,0,3,2,0
7.8,99,77,83,1,5,1,0
9.68,92,49,69,2,0,0,0
5.26,59,66,95,2,1,2,0
7.09,54,93,97,1,1,4,0
6.3,55,34,76,3,1,3,0
8.65,85,63,31,4,1,4,1
9.91,51,68,71,0,4,4,0
6.28,48,96,63,4,5,1,0
8.27,60,91,50,1,2,0,1
5.99,55,53,73,0,2,3,0
7.83,71,32,31,4,1,2,0
7.32,70,96,88,2,2,3,1
9.86,52,79,45,3,5,0,0
8.04,76,58,49,4,0,1,0
6.75,42,61,55,3,0,0,0
5.57,95,68,45,2,2,2,0
5.76,95,38,99,4,1,3,0
6.13,45,43,52,1,3,4,0
6.25,57,97,71,0,5,0,0
9.25,64,93,66,2,1,5,1
7.81,70,49,35,3,4,1,0
7.62,60,57,66,3,3,1,0
5.57,61,43,51,2,5,3,0
9.3,83,73,35,1,4,4,0
8.61,88,68,61,1,2,2,1
5.34,70,57,46,3,4,4,0
8.54,95,93,67,2,2,3,1
7.72,83,61,46,2,4,4,0
5.41,69,38,66,0,3,3,0
7.29,57,57,52,3,4,4,0
7.42,66,46,78,1,1,0,0
5.83,94,84,90,4,2,1,0
9.73,84,39,78,1,0,3,0
9.25,33,35,90,1,4,3,0
8.35,39,77,61,4,2,1,0
7.31,76,96,92,3,0,5,1
7.06,43,70,36,0,2,5,0
8.25,67,89,51,1,2,2,1
7.73,41,71,35,1,0,3,0
5.31,74,57,90,3,0,0,0
7.56,46,42,43,3,3,4,0
9.03,64,44,45,2,5,0,0
7.3,95,65,32,3,4,3,0
5.26,70,44,38,3,4,2,0
8.93,96,85,76,1,2,3,1
6.01,58,33,71,0,1,2,0
6.29,47,81,71,1,1,1,0
5.82,49,39,52,3,5,4,0
6.65,43,74,32,2,2,0,0
8.78,63,58,30,0,3,2,0
7.6,78,82,96,2,0,0,1
6.02,83,58,32,4,2,1,0
9.39,60,52,78,2,4,3,0
9.4,87,86,96,2,1,2,1
9.35,71,79,84,3,1,4,1
6.19,87,50,33,3,1,2,0
7.26,59,72,60,3,3,5,0
9.92,54,39,95,3,4,3,0
8.86,92,59,93,3,3,3,0
5.14,48,80,60,2,0,4,0
5.33,37,62,92,4,2,4,0
7.32,32,47,95,3,2,1,0
9.55,96,51,60,4,1,0,0
7.69,46,93,76,4,1,2,0
7.49,43,50,51,1,0,1,0
5.53,38,30,75,1,3,0,0
8.28,91,44,87,0,5,1,0
9.11,50,65,90,1,5,5,0
6.9,66,76,75,3,5,4,0
8.88,40,83,30,4,4,4,0
9.82,49,61,54,0,0,3,0
6.02,64,87,90,1,2,2,0
7.62,82,75,43,2,2,2,1
6.44,76,83,74,0,3,2,0
8.96,81,62,68,3,0,1,1
7.89,37,68,95,4,4,1,0
8.17,33,52,61,3,0,2,0
8.99,56,72,87,3,0,3,1
6.98,73,84,85,2,3,0,0
9.58,69,31,35,2,4,5,0
7.67,76,95,96,4,5,1,0
5.79,73,67,79,1,2,2,0
8.48,77,58,67,3,1,4,0
8.97,81,96,32,1,5,1,0
6.58,97,65,34,4,4,0,0
9.29,40,58,53,3,2,1,0
9.53,33,66,83,1,5,0,0
6.38,77,74,63,3,3,0,0
9.92,55,45,68,2,4,1,0
5.7,68,60,77,2,4,0,0
6.01,87,63,78,0,2,1,0
5.92,48,79,63,4,2,1,0
9.47,87,94,36,1,0,3,1
8.27,57,91,47,3,0,4,1
5.76,95,72,99,0,4,5,0
7.2,39,85,63,4,1,0,0
8.08,87,44,80,4,3,1,0
5.42,43,77,97,4,2,0,0
9.41,44,78,43,1,0,1,0
9.02,62,73,98,2,3,5,0
7.53,46,39,37,0,5,1,0
9.84,53,49,44,1,5,1,0
7.09,59,99,88,3,4,4,0
9.92,91,37,40,1,2,0,0
8.34,42,74,49,3,5,4,0
8.17,91,63,84,3,2,4,1
5.83,76,80,65,4,0,4,0
9.41,45,33,43,1,5,4,0
7.14,95,68,87,2,1,3,1
5.81,72,53,67,3,5,0,0
5.06,37,84,30,4,2,0,0
7.8,32,55,94,2,1,1,0
7.64,41,54,30,1,3,0,0
8.6,45,65,89,2,5,5,0
9.45,88,87,54,1,2,4,1
5.4,78,41,39,3,5,2,0
8.66,92,30,79,0,5,0,0
5.94,91,79,41,0,2,2,0
9.29,78,54,61,3,1,5,0
9.1,80,34,62,2,0,3,0
7.7,62,97,55,1,5,1,0
8.55,59,35,71,0,4,1,0
6.57,88,55,79,1,3,1,0
7.36,44,84,90,3,2,3,0
9.11,52,68,70,2,5,4,0
7.3,74,38,86,1,0,2,0
6.79,91,74,31,2,2,0,0
7.47,44,43,99,0,5,4,0
9.14,75,84,60,1,3,1,0
6.68,93,38,52,4,4,1,0
5.87,75,44,83,0,2,4,0
8.56,85,66,57,2,5,2,0
9.13,73,79,48,3,1,4,1
5.5,58,50,77,4,0,3,0
6.2,91,86,31,1,4,1,0
5.71,81,48,40,0,2,2,0
6.74,83,87,73,1,5,0,0
7.25,86,35,88,1,4,1,0
8.74,95,33,88,4,1,4,0
8.26,51,72,67,4,2,2,0
8.1,49,71,54,4,4,1,0
6.76,62,32,50,4,2,0,0
9.21,54,30,71,3,2,0,0
7.36,75,84,65,2,4,5,0
9.9,86,44,38,4,2,4,0
8.17,34,76,41,0,1,3,0
5.63,84,75,39,1,4,4,0
8.38,90,87,88,4,5,2,0
6.63,37,68,34,0,4,4,0
8.43,45,32,62,3,1,2,0
5.35,77,59,98,0,1,5,0
5.87,90,64,92,0,1,5,0
9.28,44,86,58,3,5,5,0
6.14,94,58,47,3,5,3,0
9.19,51,79,35,1,2,5,0
6.4,32,91,82,4,2,4,0
8.21,83,81,61,0,3,0,0
8.47,43,43,71,2,2,2,0
7.56,65,64,76,2,1,2,1
6.53,96,57,60,1,3,0,0
6.06,39,87,91,2,1,4,0
5.17,78,59,85,1,0,3,0
6.52,94,36,40,4,5,1,0
8.27,86,68,55,1,4,4,0
9.69,56,98,56,3,0,5,1
9.36,34,64,86,3,5,4,0
8.83,86,81,56,3,5,2,0
8.94,44,43,88,3,1,2,0
8.32,59,92,91,3,2,3,1
6.3,49,65,49,3,4,5,0
9.54,66,53,32,3,2,3,0
8.35,32,69,45,3,2,3,0
7.8,70,58,73,3,4,0,0
5.55,68,82,59,4,4,1,0
7.24,55,51,69,3,0,1,0
7.3,31,44,94,1,1,5,0
9.32,52,98,58,4,2,3,0
7.73,52,93,59,2,1,2,0
6.9,45,33,61,0,1,1,0
9.88,38,47,39,4,3,4,0
5.55,42,71,80,3,0,0,0
7.11,57,59,37,4,2,2,0
5.21,56,44,80,0,5,0,0
8.7,80,99,65,0,4,4,0
9.59,93,84,84,3,4,1,0
6.4,81,82,64,3,1,0,0
9.29,67,45,65,1,0,5,0
6.46,94,63,85,0,0,0,0
9.55,47,56,65,3,2,0,0
8.77,92,42,90,0,2,4,0
9.02,80,56,91,1,1,2,0
5.09,38,98,54,2,1,2,0
9.81,42,60,93,0,1,4,0
8.63,69,32,89,1,3,0,0
6.52,84,59,86,1,0,0,0
9.15,72,50,99,1,1,3,0
6.41,73,35,81,4,0,5,0
9.36,97,61,85,3,5,1,0
5.56,62,71,92,0,4,1,0
8.52,53,91,97,4,4,2,0
7.7,65,61,49,0,0,4,1
5.48,39,68,83,4,5,0,0
6.21,49,93,30,3,4,5,0
5.06,41,59,39,1,4,1,0
7.34,91,92,52,0,4,4,0
6.51,47,60,80,1,2,4,0
7.99,92,69,53,3,5,0,0
6.49,54,62,42,0,2,5,0
6.5,41,92,58,2,0,4,0
8.72,50,54,87,2,0,1,0
5.24,54,65,72,2,3,3,0
9.51,40,53,39,3,2,1,0
9.26,93,87,60,2,0,5,1
8.34,79,68,43,0,2,3,1
7.97,91,75,63,2,3,4,0
9.46,78,39,46,0,0,1,0
5.93,43,61,50,3,0,0,0
5.39,30,65,96,1,0,5,0
6.2,54,57,87,4,0,4,0
8.97,88,45,37,2,1,0,0
5.17,98,45,67,4,5,3,0
7.91,34,47,55,1,5,2,0
9.98,48,37,93,3,2,2,0
9.28,52,99,59,3,2,3,0
7.61,38,30,38,1,2,2,0
5.32,79,91,61,4,3,5,0
9.16,45,67,40,2,1,4,0
7.99,62,74,63,0,2,4,1
5.57,31,87,47,3,2,5,0
5.47,43,30,48,1,0,1,0
9.55,30,61,83,4,0,4,0
8.35,87,37,66,2,0,2,0
9.15,45,69,41,4,2,5,0
9.39,76,85,33,2,0,0,1
7.86,73,92,72,0,2,1,1
7.59,43,65,56,0,3,0,0
7.15,53,86,80,1,3,2,0
6.58,84,74,34,1,4,0,0
7.17,44,31,35,2,1,2,0
8.87,63,97,85,2,0,4,1
8.01,31,79,97,2,5,1,0
9.46,56,58,73,2,0,3,0
7.22,52,39,44,0,1,2,0
8.04,97,56,71,1,1,5,0
8.16,43,44,40,1,4,5,0
7.96,92,89,40,3,1,4,1
8.51,94,60,95,1,2,5,0
6.19,97,50,56,1,0,0,0
7.56,92,89,87,4,1,4,1
5.52,93,87,50,4,2,5,0
6.92,61,70,50,3,1,0,0
7.44,42,75,30,2,5,0,0
8.26,95,74,87,3,2,0,1
9.75,48,55,42,3,3,5,0
8.0,53,80,35,0,2,0,0
8.72,40,65,87,1,4,1,0
7.53,88,81,46,0,2,5,1
8.17,44,80,41,1,1,0,0
5.35,39,32,81,3,3,1,0
6.27,70,43,99,1,3,3,0
6.81,56,78,81,2,2,1,0
7.36,89,30,66,2,1,5,0
5.23,81,86,32,3,3,5,0
5.7,57,46,37,4,5,0,0
6.38,94,79,39,2,2,5,0
9.86,46,43,76,3,2,3,0
6.66,73,88,70,0,2,4,0
7.41,39,32,93,4,3,1,0
5.98,92,69,71,2,0,4,0
8.05,76,95,72,3,1,3,1
6.4,67,63,38,3,4,1,0
6.03,99,38,43,0,4,0,0
7.58,82,50,33,0,1,1,0
5.03,73,54,31,4,0,0,0
5.04,83,73,30,2,1,2,0
6.1,49,54,94,3,2,1,0
5.18,60,38,75,4,5,1,0
5.54,36,91,88,4,1,4,0
6.69,87,55,36,0,1,4,0
9.01,39,86,95,3,5,3,0
7.86,39,66,44,1,3,0,0
7.56,68,45,76,0,4,5,0
6.47,57,66,69,3,4,4,0
9.66,59,53,71,4,2,3,0
6.99,66,55,80,4,5,0,0
5.44,96,49,64,2,2,0,0
8.09,72,38,70,1,3,0,0
5.57,81,58,86,0,2,2,0
6.73,85,60,67,2,5,0,0
7.54,97,48,37,2,5,3,0
9.37,38,49,92,1,0,0,0
7.47,52,56,33,0,3,5,0
8.51,92,73,77,0,5,5,0
9.96,90,64,81,4,5,0,0
5.66,69,51,67,0,3,3,0
6.37,73,44,34,2,1,1,0
6.97,53,42,99,4,1,0,0
7.11,80,33,53,0,0,3,0
7.06,87,85,46,1,5,4,0
9.54,62,52,55,2,3,3,0
8.57,45,63,32,3,3,2,0
8.04,51,46,31,1,1,4,0
6.55,86,57,31,1,4,5,0
9.12,91,43,51,0,4,5,0
9.78,99,63,33,4,5,1,0
9.11,59,86,67,4,1,1,1
5.01,52,84,99,2,5,3,0
8.18,61,95,81,0,2,3,1
5.26,86,66,60,4,3,0,0
6.29,38,97,55,3,5,0,0
5.3,60,55,65,0,0,5,0
8.02,38,90,55,0,4,2,0
8.43,42,96,57,4,5,0,0
5.57,87,81,34,1,2,5,0
6.92,32,47,47,0,3,3,0
7.28,64,82,44,1,2,3,1
6.85,50,92,86,2,5,0,0
5.61,93,82,34,2,3,2,0
7.09,81,56,66,4,3,5,0
8.76,63,60,51,2,1,3,0
5.36,64,30,81,4,1,5,0
5.4,44,35,44,4,0,2,0
6.77,35,40,46,1,0,3,0
9.71,61,63,80,1,2,5,1
8.34,81,92,74,2,1,2,1
8.39,57,82,92,1,3,2,0
6.81,93,47,57,0,1,2,0
7.97,48,50,88,3,3,0,0
5.05,44,48,50,0,1,1,0
8.18,35,33,71,0,3,5,0
9.57,67,58,98,4,2,2,0
8.06,55,54,46,3,1,5,0
9.37,80,85,97,4,4,2,0
8.62,82,92,36,1,4,5,0
5.6,85,56,69,1,3,3,0
9.51,88,89,69,3,2,5,1
5.33,99,78,72,2,3,1,0
7.67,87,94,80,1,2,3,1
5.71,42,67,52,0,0,3,0
5.06,72,81,61,3,1,2,0
7.11,80,30,60,3,2,4,0
6.48,48,69,46,1,3,1,0
7.43,50,50,87,1,0,3,0
7.89,53,44,64,4,3,4,0
5.22,55,79,59,4,4,4,0
5.62,74,77,93,0,4,3,0
7.79,57,61,82,3,1,2,1
6.72,58,78,80,2,5,0,0
8.65,46,97,66,2,1,3,0
8.26,97,74,35,3,0,2,1
9.23,73,61,63,0,4,1,0
8.46,90,33,85,4,2,2,0
7.15,97,94,54,4,4,4,0
8.36,54,94,42,4,5,1,0
6.38,96,47,92,2,1,1,0
6.53,31,83,95,2,3,0,0
8.94,78,76,34,0,0,0,1
7.23,99,35,40,2,5,3,0
8.99,55,95,73,1,4,2,0
9.11,56,38,98,2,2,3,0
9.29,47,97,31,4,5,0,0
9.58,83,52,69,0,2,4,0
7.15,30,72,66,3,2,0,0
6.59,90,80,78,3,0,2,0
7.91,32,54,65,0,2,4,0
6.86,97,64,99,1,2,3,0
8.01,70,46,63,3,4,3,0
8.53,66,47,87,4,0,0,0
8.44,80,56,66,3,3,0,0
6.87,44,44,89,3,3,5,0
5.83,37,98,41,4,2,3,0
7.15,67,44,61,2,5,3,0
5.71,85,71,33,1,1,1,0
9.45,76,63,62,4,0,2,1
6.73,39,77,72,4,1,1,0
5.77,78,37,38,0,0,1,0
5.13,70,39,80,1,0,3,0
8.23,59,34,49,2,4,5,0
8.18,34,77,68,4,2,2,0
6.7,60,55,52,2,4,3,0
5.36,81,52,70,4,5,1,0
7.05,52,91,73,4,1,1,0
6.56,77,42,64,0,1,3,0
8.39,69,38,52,3,3,0,0
8.03,35,49,87,1,5,0,0
6.82,67,86,77,0,5,3,0
6.09,70,53,87,2,4,4,0
9.94,56,62,86,4,4,4,0
7.27,98,49,68,4,5,0,0
8.44,86,89,57,1,4,2,0
5.7,46,77,93,0,3,5,0
7.43,76,93,91,0,4,1,0
5.14,42,59,91,2,4,2,0
7.53,40,46,55,0,5,0,0
9.82,53,43,80,0,5,3,0
6.92,33,48,79,3,4,4,0
5.19,75,88,65,1,4,0,0
5.15,47,96,55,0,5,2,0
6.94,72,73,62,2,1,2,0
5.8,62,61,97,4,2,5,0
5.12,39,40,37,0,1,0,0
8.78,88,31,95,0,4,1,0
7.29,60,97,52,4,0,2,1
6.45,57,46,99,3,0,1,0
9.5,89,69,84,1,3,1,0
5.58,32,75,72,3,1,3,0
9.78,84,33,50,2,5,0,0
6.57,43,67,51,0,3,0,0
9.44,87,92,38,3,3,1,0
8.01,44,58,63,1,0,3,0
9.13,31,48,88,2,1,2,0
9.92,53,58,55,3,2,2,0
6.44,93,64,30,0,5,0,0
9.81,53,99,34,1,1,1,0
6.95,56,52,70,0,3,3,0
6.93,66,75,92,0,4,3,0
6.7,68,73,51,2,3,2,0
7.71,92,77,97,1,1,2,1
5.77,55,81,77,4,0,4,0
7.77,94,37,95,0,1,4,0
7.71,33,84,45,1,2,1,0
8.81,58,95,82,0,5,4,0
9.17,30,69,94,3,5,3,0
7.2,79,60,93,3,4,4,0
6.51,40,77,97,1,4,0,0
6.3,88,90,92,2,3,0,0
5.97,91,81,91,4,1,5,0
5.29,65,67,74,3,5,2,0
6.71,85,65,81,2,0,2,0
6.35,50,84,94,4,2,1,0
9.83,42,42,31,3,3,0,0
7.79,38,66,78,4,1,5,0
6.74,40,76,51,0,0,1,0
7.9,99,51,58,1,1,1,0
5.7,30,68,64,3,0,4,0
7.22,99,87,53,3,1,2,1
8.13,85,59,59,0,1,1,0
7.44,60,47,71,3,5,1,0
7.01,66,47,79,3,3,2,0
9.97,76,68,89,3,1,2,1
9.4,76,55,59,3,1,0,0
8.12,98,36,41,3,3,2,0
7.85,87,98,78,2,3,4,0
8.1,65,94,75,3,4,0,0
6.01,61,75,72,0,4,5,0
6.98,93,47,31,3,5,1,0
5.2,71,42,83,4,3,4,0
7.38,77,54,64,4,2,4,0
7.72,59,37,81,0,5,0,0
6.14,50,61,62,2,0,1,0
9.82,89,46,80,0,3,0,0
9.55,42,77,55,2,4,3,0
8.61,30,92,91,1,1,3,0
7.67,94,69,90,4,3,0,0
9.35,62,44,55,4,3,1,0
5.65,67,35,66,4,4,1,0
8.95,54,92,59,2,4,2,0
5.62,55,37,40,0,2,4,0
8.97,88,61,82,2,5,0,0
6.38,62,74,70,4,4,4,0
9.39,70,81,34,4,4,4,0
9.72,59,42,95,4,4,3,0
5.74,86,53,42,4,5,3,0
7.31,78,69,92,1,1,5,1
9.9,77,43,54,4,3,0,0
7.42,78,99,73,2,3,5,0
9.32,76,91,43,4,4,0,0
7.94,85,90,98,3,5,1,0
6.88,94,30,88,1,2,0,0
6.43,41,95,85,4,4,1,0
6.02,98,61,81,3,5,1,0
8.81,35,42,95,2,5,0,0
6.93,94,62,97,1,2,1,0
7.56,54,61,41,4,5,4,0
7.46,30,85,97,2,3,1,0
7.89,61,53,72,3,2,4,0
9.33,32,33,35,1,2,4,0
9.9,78,52,44,4,0,4,0
7.04,48,58,71,2,2,2,0
9.14,89,50,60,1,2,5,0
8.82,58,59,82,3,1,2,0
7.87,79,49,35,4,3,1,0
9.78,31,45,62,1,4,5,0
6.0,85,96,58,3,0,5,0
5.55,46,78,50,3,2,5,0
9.27,89,87,83,2,1,0,1
7.2,65,73,85,3,1,1,1
9.23,90,54,50,3,5,2,0
9.47,46,52,84,0,4,5,0
5.31,78,88,87,3,4,5,0
9.42,89,30,93,4,3,3,0
7.24,49,44,75,1,5,5,0
7.55,79,81,51,4,2,5,1
8.13,32,87,89,4,1,3,0
9.63,72,70,40,2,0,1,1
5.1,86,73,76,0,3,2,0
7.38,79,33,60,0,2,4,0
8.44,97,97,47,4,5,2,0
8.61,79,36,51,1,4,1,0
8.46,66,75,85,0,5,2,0
5.67,75,38,46,0,2,3,0
6.5,71,62,67,4,5,5,0
6.79,44,62,54,0,4,5,0
9.02,62,33,61,2,2,4,0
6.39,40,94,44,4,0,1,0
6.05,49,63,42,0,3,5,0
9.79,53,93,87,0,5,1,0
5.04,93,54,79,0,4,0,0
9.99,94,84,40,4,0,4,1
8.38,46,38,42,1,1,1,0
9.14,90,46,79,3,0,2,0
6.47,44,50,67,0,0,2,0
5.07,80,89,30,3,0,2,0
8.69,56,42,68,3,4,2,0
9.17,90,32,56,0,1,1,0
8.7,87,97,65,0,3,3,0
5.71,60,33,61,3,0,4,0
8.77,41,36,70,1,4,2,0
8.84,75,55,44,3,4,1,0
8.29,60,53,60,1,3,5,0
8.83,61,39,35,2,2,5,0
9.23,61,42,81,1,1,1,0
8.07,82,73,51,4,1,2,1
5.44,90,68,60,0,5,0,0
7.44,75,48,75,2,0,1,0
5.39,36,80,96,3,2,4,0
7.04,33,48,72,1,1,4,0
7.04,81,81,30,2,5,0,0
5.33,60,76,73,4,0,5,0
6.74,65,59,86,1,2,5,0
5.55,83,75,38,3,4,1,0
9.04,83,50,34,3,0,0,0
9.74,46,77,38,1,2,1,0
5.36,59,91,74,4,3,1,0
9.78,51,87,53,0,1,0,0
7.61,72,47,71,0,0,5,0
6.5,56,88,51,3,5,3,0
5.38,66,77,89,4,4,2,0
7.5,75,92,66,3,5,2,0
8.97,64,41,68,0,0,2,0
8.54,33,63,82,3,1,0,0
5.25,55,90,57,1,1,1,0
5.36,48,82,44,1,2,1,0
7.01,74,54,89,4,5,4,0
6.48,55,91,89,0,5,1,0
6.16,51,33,35,4,4,5,0
6.41,87,42,81,4,2,3,0
9.02,92,71,41,0,4,2,0
9.65,57,78,48,2,0,5,1
7.03,94,85,31,2,0,5,1
9.53,73,76,84,3,5,3,0
6.61,72,37,44,2,2,2,0
7.38,66,84,93,1,3,0,0
6.13,95,47,98,4,1,3,0
8.2,46,64,44,3,2,5,0
9.89,69,61,72,4,2,1,1
8.02,67,53,46,0,0,2,0
6.79,90,36,53,2,1,4,0
8.24,38,42,59,0,2,3,0
5.61,90,98,96,3,0,5,0
9.44,45,71,80,1,0,0,0
7.52,31,60,89,2,5,5,0
7.25,72,55,32,0,5,4,0
7.93,71,61,34,2,2,0,1
8.12,86,81,57,4,2,2,1
5.36,96,49,40,1,0,3,0
8.41,59,69,44,2,5,0,0
6.21,42,88,77,1,2,4,0
8.57,48,43,75,4,1,5,0
9.11,36,73,57,4,0,4,0
9.02,38,77,36,0,0,1,0
7.76,83,72,35,3,2,0,1
7.6,90,45,87,0,2,3,0
5.71,31,64,97,1,2,3,0
8.88,79,82,84,0,1,5,1
6.36,60,63,96,2,0,5,0
7.48,62,32,78,0,3,5,0
6.42,40,97,80,3,1,1,0
5.67,62,34,88,3,1,4,0
8.15,36,39,35,1,5,5,0
5.27,60,81,80,4,0,0,0
8.74,77,58,67,3,3,5,0
6.59,76,60,40,1,0,4,0
5.0,82,95,81,3,1,0,0
7.56,48,98,49,3,2,0,0
5.23,35,66,39,4,0,0,0
6.38,78,56,55,2,0,4,0
8.53,79,62,77,1,2,5,1
5.31,41,97,43,3,3,4,0
9.2,52,88,88,3,3,4,0
5.02,83,93,41,0,0,2,0
6.23,98,73,52,2,2,4,0
8.7,88,78,68,4,5,1,0
6.58,65,82,38,1,0,2,0
5.51,32,78,54,3,2,0,0
6.8,87,95,46,1,1,5,0
6.35,84,92,71,4,5,3,0
9.21,86,54,58,2,2,5,0
6.57,46,33,89,0,0,2,0
8.94,68,80,96,2,4,2,0
9.46,97,40,86,0,3,0,0
7.17,84,46,43,1,0,4,0
9.55,74,95,68,2,2,4,1
6.89,30,99,45,2,5,2,0
9.82,50,98,47,2,5,4,0
5.45,50,58,49,4,2,2,0
8.44,81,49,75,1,3,5,0
7.47,72,56,74,0,0,3,0
6.94,81,37,33,2,5,5,0
8.16,96,90,49,1,5,3,0
8.52,73,57,40,4,4,0,0
5.02,61,99,94,4,1,1,0
5.83,39,32,47,1,4,1,0
8.57,93,98,68,0,1,5,1
8.33,98,36,73,1,5,4,0
9.83,97,89,47,1,1,1,1
8.81,57,33,76,3,0,3,0
9.75,82,34,60,4,5,0,0
8.51,80,40,68,0,5,3,0
6.49,82,44,67,3,1,2,0
5.53,33,93,76,1,2,4,0
8.91,46,42,99,4,1,4,0
8.22,96,36,37,3,1,1,0
5.24,76,35,94,3,3,2,0
6.8,85,85,42,0,3,1,0
9.78,52,93,84,1,0,1,0
7.5,47,79,72,0,0,1,0
7.16,30,59,33,3,2,2,0
7.29,64,51,89,3,3,1,0
6.04,93,54,41,0,4,4,0
6.84,87,57,88,3,0,1,0
6.85,88,68,83,2,0,2,0
5.26,30,96,73,4,3,2,0
8.84,32,34,45,1,3,3,0
7.08,96,94,35,4,2,1,1
9.11,66,44,43,1,3,2,0
9.25,58,96,87,3,1,5,1
6.06,62,69,60,0,5,1,0
8.29,90,98,70,0,4,0,0
7.36,33,72,64,3,5,4,0
9.4,43,30,39,1,1,4,0
6.08,62,51,59,3,1,5,0
8.39,51,91,73,1,5,1,0
8.04,77,55,84,3,1,4,0
6.48,32,47,47,3,0,4,0
5.68,52,77,68,3,5,0,0
8.26,97,38,71,0,1,4,0
8.69,50,30,83,1,0,4,0
6.58,72,38,59,3,3,2,0
8.22,55,52,49,4,4,4,0
6.98,70,74,71,4,4,1,0
8.57,67,31,34,0,1,4,0
6.0,40,43,79,2,4,1,0
9.45,58,67,70,0,0,4,1
6.44,89,69,68,2,3,1,0
6.84,96,92,86,0,1,4,0
5.29,94,45,86,4,2,5,0
5.56,90,35,66,3,5,1,0
7.58,48,32,36,1,4,4,0
6.34,75,43,34,3,4,0,0
9.18,78,95,80,4,1,2,1
5.07,51,96,37,1,5,2,0
6.9,86,60,85,2,5,2,0
6.69,43,62,40,2,4,2,0
5.1,73,30,51,4,4,0,0
5.62,45,73,40,1,2,5,0
7.07,41,44,89,3,5,5,0
7.46,84,66,44,4,0,0,1
7.02,80,56,67,2,1,4,0
7.65,68,77,30,4,1,0,1
7.98,62,56,75,3,2,2,0
5.05,62,41,72,0,2,5,0
7.32,58,96,51,0,0,3,1
9.82,98,59,32,3,3,4,0
7.6,99,95,43,1,1,1,1
8.39,60,36,31,4,5,5,0
6.56,60,63,90,3,4,2,0
8.87,75,61,61,0,0,5,1
8.86,81,68,67,2,1,2,1
7.61,39,72,75,3,5,2,0
9.88,70,72,71,3,0,5,1
5.63,32,32,35,3,3,5,0
5.08,88,75,70,0,5,5,0
8.85,81,61,54,0,1,0,1
9.04,63,72,40,3,4,5,0
5.6,78,32,70,3,5,1,0
6.33,57,92,86,1,1,4,0
5.09,42,69,75,2,0,2,0
6.47,98,47,77,4,3,5,0
8.87,96,96,92,4,5,1,0
7.59,90,91,68,4,0,3,1
6.74,89,39,39,0,0,5,0
6.86,53,81,99,0,2,0,0
5.01,92,75,94,1,0,2,0
6.5,90,84,88,0,5,1,0
8.23,52,75,65,3,3,5,0
9.87,59,89,56,2,4,1,0
9.24,89,55,84,2,2,2,0
5.12,47,56,99,2,0,1,0
9.49,85,67,82,2,5,1,0
8.92,82,51,89,4,1,5,0
8.9,36,55,90,4,2,5,0
7.29,98,98,65,3,3,4,0
6.99,81,64,56,1,1,0,0
6.51,33,95,70,0,3,4,0
5.33,63,80,57,0,1,0,0
6.14,98,47,45,4,4,0,0
6.23,62,72,64,2,3,4,0
7.42,98,41,65,3,1,2,0
8.74,67,32,85,1,3,1,0
7.37,55,36,48,4,2,3,0
5.29,30,35,86,3,3,4,0
9.79,33,74,62,3,5,4,0
9.71,68,68,52,4,3,2,0
8.93,83,80,92,3,1,1,1
9.96,62,38,99,2,3,5,0
7.72,62,52,51,3,4,4,0
9.81,49,41,96,1,0,3,0
5.38,45,91,88,3,2,1,0
6.83,50,69,54,0,5,4,0
6.13,74,83,46,3,1,5,0
5.98,91,36,68,4,3,4,0
5.7,60,46,68,0,3,5,0
8.11,71,79,53,4,3,0,0
8.91,41,53,67,1,2,0,0
7.89,94,31,86,2,5,4,0
5.73,32,62,73,1,0,2,0
9.06,38,50,65,0,4,0,0
8.18,80,82,99,2,5,4,0
6.94,45,75,74,3,4,5,0
8.37,32,74,55,0,5,1,0
6.3,53,38,40,2,1,5,0
6.73,42,35,81,4,0,3,0
9.59,31,80,54,2,0,0,0
6.45,50,64,60,4,2,4,0
7.35,48,82,74,4,5,0,0
9.45,76,48,96,2,3,5,0
8.54,51,98,69,1,0,5,0
5.31,62,54,75,1,5,1,0
5.74,61,40,83,4,3,2,0
5.04,93,46,70,0,2,4,0
8.15,68,65,67,2,5,1,0
7.24,71,50,65,0,5,3,0
5.67,38,47,73,1,1,4,0
9.79,54,89,86,0,5,3,0
7.65,31,47,95,3,1,2,0
6.21,48,30,59,3,3,4,0
7.5,49,43,39,1,3,4,0
8.4,99,37,90,0,0,1,0
5.38,46,95,92,2,2,0,0
6.37,97,80,65,1,1,4,0
9.03,32,89,83,3,0,2,0
7.3,80,63,94,1,4,4,0
7.73,55,65,33,0,0,4,0
7.16,85,91,84,0,3,4,0
5.22,93,30,83,0,4,4,0
5.83,37,71,93,4,0,2,0
7.23,66,30,51,0,5,1,0
6.05,56,83,54,3,2,0,0
5.25,74,76,88,3,1,2,0
9.22,33,68,86,4,5,2,0
9.91,66,59,83,3,4,3,0
8.97,62,36,73,3,2,0,0
9.27,60,51,81,1,0,1,0
6.21,84,79,45,0,5,5,0
9.8,41,74,45,1,3,1,0
5.98,40,39,84,1,3,5,0
9.76,61,43,90,3,2,3,0
9.97,86,75,69,2,3,3,0
8.56,67,35,50,0,1,2,0
9.91,89,50,95,2,2,1,0
7.85,48,91,37,3,2,5,0
6.3,85,48,39,4,3,1,0
7.18,43,91,86,1,2,5,0
7.97,62,82,33,3,0,1,1
5.37,39,53,72,3,4,2,0
8.11,93,85,92,2,5,5,0
9.91,93,91,72,4,4,1,0
5.95,91,63,96,1,5,4,0
8.96,97,51,80,4,3,3,0
9.54,72,97,85,4,1,3,1
9.72,88,86,72,4,1,5,1
9.8,81,39,53,0,3,3,0
7.61,48,95,63,4,3,3,0
9.89,50,37,88,3,2,4,0
8.79,51,67,31,0,1,0,0
5.81,38,91,31,0,4,1,0
7.38,38,57,39,4,3,5,0
8.59,56,39,52,3,4,3,0
6.24,46,74,44,1,5,1,0
8.2,73,94,46,4,4,1,0
8.33,74,96,43,0,1,4,1
5.81,37,38,45,1,5,1,0
7.83,47,34,61,1,4,3,0
8.86,62,39,52,0,2,5,0
7.49,30,41,63,1,2,1,0
5.06,35,87,45,3,1,4,0
5.05,70,50,63,3,2,5,0
6.79,84,50,62,4,3,5,0
9.63,34,94,97,4,5,5,0
6.14,88,32,72,1,1,3,0
8.17,47,98,93,0,5,4,0
6.11,78,93,47,3,4,2,0
6.61,94,78,97,2,3,0,0
9.24,83,46,90,4,1,1,0
8.64,90,61,49,3,4,1,0
5.48,37,99,40,1,4,1,0
7.14,32,50,75,3,4,2,0
5.15,54,36,93,3,4,5,0
7.4,98,36,57,1,4,5,0
8.31,84,56,77,4,1,0,0
5.59,69,37,64,4,2,4,0
6.44,79,57,37,2,4,2,0
6.99,62,95,51,2,3,2,0
9.6,47,76,53,4,1,3,0
9.97,86,39,95,4,0,5,0
5.22,45,62,93,4,2,2,0
8.81,67,36,94,4,3,2,0
6.86,70,32,43,3,4,1,0
6.96,36,43,54,2,1,5,0
8.77,82,73,32,1,1,3,1
9.59,92,75,34,0,4,4,0
9.75,61,90,94,1,3,0,0
7.89,67,65,83,0,1,4,1
6.79,51,42,48,3,5,3,0
8.94,45,45,83,2,2,1,0
6.26,81,34,39,0,3,0,0
7.82,58,67,45,4,4,4,0
6.79,45,79,75,3,3,5,0
8.28,46,67,58,0,5,5,0
6.2,93,85,44,4,3,0,0
5.96,42,92,77,3,0,0,0
9.59,85,77,40,0,4,0,0
5.51,34,88,63,4,2,2,0
7.53,41,73,65,2,4,3,0
6.1,70,84,59,3,0,5,0
5.19,32,84,48,0,4,5,0
5.18,62,30,97,4,4,3,0
5.88,79,37,99,2,2,1,0
9.33,85,33,62,4,0,5,0
6.41,38,82,51,2,4,4,0
9.75,79,87,65,0,5,1,0
7.91,58,66,52,4,4,4,0
7.18,68,78,92,4,1,0,1
7.9,74,96,55,1,4,5,0
7.58,46,48,89,3,2,4,0
8.79,85,30,34,4,1,4,0
6.41,75,58,83,2,5,0,0
6.77,96,62,67,3,5,1,0
9.47,98,81,91,0,5,4,0
9.73,43,70,54,3,0,5,0
9.46,96,52,41,1,5,1,0
7.1,52,34,51,0,3,1,0
8.9,90,86,38,4,2,3,1
7.38,52,35,58,0,0,5,0
7.49,56,78,73,0,1,5,1
6.02,83,51,56,1,3,0,0
7.96,39,33,84,2,0,0,0
5.93,45,93,34,0,2,2,0
6.66,70,66,81,2,1,5,0
9.28,84,60,42,3,2,1,0
6.04,90,66,71,1,2,2,0
5.36,78,74,44,4,1,5,0
5.35,81,37,47,0,5,0,0
9.7,31,69,79,2,4,0,0
7.53,79,34,31,0,2,5,0
7.05,72,57,42,1,5,2,0
9.05,37,38,97,4,1,0,0
9.18,88,31,76,3,2,0,0
6.66,94,92,79,3,4,3,0
8.47,41,80,41,2,1,4,0
8.86,33,60,42,3,0,5,0
8.27,70,36,38,2,0,3,0
5.76,36,59,88,4,5,4,0
9.38,98,87,74,0,0,5,1
7.7,98,32,99,1,3,3,0
6.41,59,80,72,4,2,3,0
7.13,35,85,52,4,2,5,0
5.19,48,39,74,3,1,1,0
5.64,95,90,52,3,3,2,0
8.83,39,79,63,1,2,5,0
5.0,45,76,45,0,1,3,0
7.08,66,30,92,4,4,1,0
7.61,61,86,80,3,2,3,1
5.27,76,67,61,4,5,2,0
9.87,72,91,67,0,2,1,1
6.13,65,99,85,2,4,5,0
6.52,55,94,98,0,4,4,0
6.52,39,91,46,4,2,2,0
6.15,60,85,68,4,4,0,0
5.01,58,96,70,1,1,5,0
8.65,34,46,77,4,2,5,0
9.83,30,37,57,3,2,5,0
6.12,32,89,79,1,0,1,0
8.32,96,69,30,4,5,0,0
8.71,64,91,79,0,2,1,1
9.24,44,70,48,4,0,4,0
7.11,96,41,88,0,4,1,0
6.51,59,83,97,0,5,5,0
6.63,72,40,96,4,5,3,0
8.56,89,89,70,0,4,0,0
9.08,69,97,39,2,1,0,1
5.91,94,75,57,1,0,1,0
6.85,58,67,63,4,2,3,0
9.51,48,90,68,2,0,3,0
9.03,32,46,85,0,4,1,0
9.92,65,95,81,0,4,2,0
8.77,72,65,32,1,1,4,1
6.97,44,36,52,2,5,1,0
7.95,70,45,46,2,5,5,0
8.31,65,43,55,4,4,3,0
5.39,62,54,47,0,0,4,0
7.72,34,33,75,3,5,1,0
8.55,43,58,99,4,2,4,0
5.84,97,85,60,4,2,2,0
8.9,76,35,38,4,0,3,0
7.92,83,30,64,1,1,2,0
9.76,33,68,89,1,2,2,0
5.21,38,30,92,4,0,3,0
6.33,82,92,81,3,0,5,0
8.01,89,86,77,2,4,2,0
6.48,75,96,90,2,5,1,0
8.57,83,94,53,0,4,1,0
8.8,66,94,87,2,5,4,0
5.51,52,50,93,2,1,1,0
7.57,56,59,59,3,1,1,0
7.54,99,62,58,2,1,4,1
6.85,95,77,39,3,0,0,0
9.66,90,51,68,1,0,3,0
9.14,80,83,84,3,4,1,0
8.49,79,33,57,1,2,4,0
8.57,48,84,47,3,5,2,0
7.31,30,73,70,4,5,2,0
9.6,69,41,94,1,1,5,0
8.47,61,81,75,1,5,1,0
8.64,51,94,89,2,3,3,0
9.31,95,94,38,1,1,4,1
6.37,69,39,74,3,5,5,0
9.04,67,47,89,4,4,5,0
5.98,77,76,57,4,5,4,0
6.73,84,95,32,2,0,4,0
6.68,84,78,80,3,4,4,0
9.89,80,51,37,3,4,4,0
9.28,89,55,99,0,4,3,0
8.51,37,38,88,1,3,4,0
8.64,97,50,90,2,3,3,0
7.81,38,92,87,4,5,3,0
9.74,31,35,99,0,1,3,0
7.48,99,43,41,3,5,2,0
6.9,88,62,38,1,5,0,0
5.82,48,53,78,4,5,5,0
8.93,57,80,46,0,0,1,1
8.67,43,31,83,3,4,2,0
6.92,53,44,73,4,2,0,0
5.13,73,64,61,4,1,5,0
9.19,85,65,64,3,1,2,1
5.06,80,68,78,3,4,5,0
8.52,61,33,83,2,1,3,0
9.85,79,93,45,4,4,3,0
7.19,70,35,41,3,1,4,0
6.17,95,86,37,0,5,3,0
8.52,54,59,50,1,0,2,0
9.09,90,96,77,2,1,5,1
7.73,95,44,37,3,1,1,0
9.84,71,46,57,1,2,5,0
5.26,94,47,39,2,0,3,0
7.52,65,48,81,4,5,5,0
8.59,38,98,44,1,0,0,0
9.31,65,53,33,2,0,5,0
5.9,67,77,91,3,1,2,0
9.0,62,59,33,3,3,0,0
7.76,71,44,70,2,1,4,0
6.98,90,76,84,4,4,4,0
5.66,75,73,57,2,2,5,0
9.33,90,56,76,0,0,1,0
5.79,47,93,38,2,4,2,0
6.55,99,70,31,2,5,1,0
6.45,44,97,96,3,4,0,0
9.36,77,34,77,4,3,1,0
8.36,42,82,98,2,0,0,0
8.98,72,37,57,1,1,1,0
6.25,89,51,43,3,0,4,0
8.12,86,36,75,3,2,2,0
7.86,46,51,42,2,0,1,0
9.16,79,75,45,1,4,5,0
9.53,61,59,69,2,4,0,0
5.06,51,45,59,1,1,5,0
8.37,84,34,94,3,1,2,0
5.26,86,96,87,1,1,5,0
7.74,42,52,77,2,5,4,0
6.44,76,90,78,0,2,4,0
6.53,91,34,31,0,5,3,0
6.76,83,52,43,1,5,2,0
8.11,58,54,46,2,5,1,0
6.67,51,37,60,4,0,4,0
8.66,94,50,39,0,3,1,0
7.02,58,31,99,3,0,1,0
5.34,77,51,66,2,1,0,0
8.92,34,97,93,2,2,5,0
6.43,64,93,59,0,5,1,0
7.16,75,48,63,4,0,3,0
8.43,64,82,47,3,4,2,0
6.66,74,81,92,4,5,2,0
5.28,42,76,78,3,0,0,0
6.87,39,83,85,0,4,3,0
9.72,95,73,87,2,0,5,1
8.21,99,36,56,3,0,3,0
8.36,54,30,84,2,5,2,0
8.16,73,92,48,1,0,3,1
5.99,89,68,52,1,1,5,0
7.09,76,48,76,0,4,4,0
8.75,69,60,95,0,2,1,0
5.51,36,53,80,0,3,1,0
6.39,75,98,57,1,5,2,0
6.38,52,94,86,3,4,2,0
7.16,75,62,87,4,1,5,1
9.9,42,88,44,0,4,3,0
5.34,50,62,45,4,2,5,0
7.59,30,61,76,4,5,0,0
5.9,48,88,92,1,4,2,0
9.85,89,70,41,3,1,2,1
5.57,62,41,72,1,5,2,0
7.02,33,40,58,0,1,5,0
8.69,32,48,78,1,5,5,0
8.52,81,83,32,1,3,3,0
7.11,57,86,98,1,2,4,1
6.73,99,71,89,0,3,2,0
6.99,99,60,95,0,0,4,0
6.32,84,81,55,1,1,5,0
6.03,86,31,98,1,3,3,0
7.42,45,67,76,4,1,5,0
6.34,53,61,71,3,5,0,0
6.44,98,39,60,4,1,1,0
8.28,70,37,51,3,0,1,0
9.84,76,49,46,3,1,5,0
8.02,98,49,49,1,5,1,0
5.38,60,38,37,4,5,1,0
5.38,59,44,78,3,3,3,0
9.76,47,92,67,3,2,1,0
6.49,73,50,82,0,4,3,0
5.46,56,34,57,3,3,0,0
8.0,55,64,58,1,0,2,0
8.12,89,97,40,2,4,2,0
8.24,47,77,76,0,1,2,0
6.34,85,91,74,2,3,3,0
5.08,60,64,47,1,4,3,0
9.83,88,99,79,2,3,3,0
6.25,31,50,78,3,1,0,0
8.38,68,68,51,2,5,4,0
8.53,90,63,74,4,3,3,0
8.05,92,44,90,1,0,3,0
6.56,47,35,50,4,4,2,0
6.36,46,95,90,2,4,5,0
7.99,68,85,65,4,4,1,0
9.33,83,78,53,0,3,1,0
9.73,64,30,61,2,1,0,0
5.53,40,94,88,4,3,1,0
5.77,90,57,34,3,3,4,0
9.72,73,49,45,2,5,2,0
8.68,97,77,40,0,4,0,0
9.41,54,94,64,3,1,1,0
6.01,77,80,71,2,2,1,0
7.94,61,72,39,3,1,5,1
8.51,33,78,37,2,3,2,0
8.4,67,54,55,2,0,0,0
7.04,92,70,32,1,1,2,1
5.08,76,93,88,4,4,0,0
7.91,30,90,32,2,0,1,0
6.27,32,41,67,0,2,2,0
7.25,91,98,31,4,2,2,1
9.79,93,43,46,1,0,4,0
7.0,46,63,65,4,2,5,0
9.2,91,77,31,4,0,2,1
5.94,64,90,63,2,3,0,0
8.36,42,64,56,0,0,4,0
9.89,64,94,66,2,3,2,0
5.51,72,88,51,0,4,2,0
5.04,31,65,97,0,4,4,0
7.17,85,48,43,3,2,1,0
5.46,80,71,52,2,5,2,0
8.74,83,98,73,1,5,3,0
9.57,45,48,94,4,0,5,0
7.17,47,68,90,3,3,1,0
6.29,36,98,84,1,4,2,0
7.17,74,81,79,2,4,1,0
8.62,65,41,41,0,4,0,0
5.05,70,76,44,2,2,1,0
7.95,71,65,46,2,4,4,0
8.07,36,92,63,3,5,2,0
8.19,44,80,64,1,1,1,0
6.21,89,72,68,3,2,3,0
8.57,69,63,84,1,0,0,1
5.46,66,78,88,3,1,0,0
6.0,95,47,34,4,2,1,0
9.39,84,90,59,0,2,4,1
8.69,85,86,33,0,3,0,0
5.07,73,34,44,0,1,1,0
6.24,86,53,64,4,1,1,0
6.07,35,93,84,4,5,0,0
6.35,61,88,95,0,1,1,0
6.24,47,67,89,0,4,1,0
5.31,97,62,53,1,5,5,0
7.29,36,39,51,1,4,3,0
8.66,37,66,73,2,5,1,0
8.03,93,40,61,3,0,5,0
8.36,36,53,80,1,5,5,0
5.41,70,50,32,1,0,1,0
9.76,69,49,99,1,5,4,0
9.19,32,39,61,1,0,0,0
9.03,46,76,31,4,4,5,0
9.11,95,76,88,2,5,5,0
9.66,81,44,43,1,3,4,0
7.72,51,73,80,3,5,2,0
6.0,33,91,40,1,0,4,0
8.08,35,35,39,4,2,2,0
8.71,67,95,87,0,4,2,0
8.69,55,33,63,0,3,4,0
7.61,40,52,82,2,2,3,0
5.34,46,42,57,0,2,4,0
6.86,60,60,47,1,4,5,0
9.6,64,45,55,4,5,0,0
7.92,45,70,36,2,1,4,0
7.69,47,30,74,1,3,3,0
6.34,91,41,74,0,5,4,0
6.84,56,85,64,3,4,3,0
9.48,64,79,81,1,1,0,1
8.33,74,49,50,3,4,1,0
8.94,64,95,57,3,4,3,0
7.27,57,65,73,2,2,3,1
8.15,38,67,85,4,5,5,0
6.24,44,51,39,0,4,3,0
8.53,50,90,52,0,5,0,0
7.14,81,79,77,1,1,2,1
7.21,64,88,81,0,2,3,1
8.25,80,49,44,2,1,0,0
9.68,84,65,84,0,1,5,1
5.32,73,44,72,1,2,5,0
9.12,94,91,79,0,5,1,0
6.46,54,32,35,4,1,3,0
7.22,76,34,62,3,0,2,0
5.11,85,85,91,3,5,0,0
6.51,67,60,84,3,4,1,0
7.51,40,64,68,4,2,2,0
5.28,96,99,41,2,2,1,0
7.46,44,55,60,1,5,2,0
9.64,30,30,82,4,0,4,0
5.53,36,36,63,1,0,4,0
8.82,30,65,70,2,0,4,0
7.05,78,54,39,4,0,1,0
8.28,58,88,81,0,3,4,0
6.3,55,90,86,2,2,0,0
5.8,74,58,32,3,1,0,0
5.8,41,47,86,4,2,4,0
5.35,61,70,62,2,2,2,0
5.93,49,48,36,2,2,2,0
8.32,80,33,33,4,0,1,0
9.41,65,94,68,3,0,2,1
9.07,96,70,77,3,3,3,0
8.43,30,44,45,2,5,2,0
5.55,56,83,67,1,2,0,0
6.45,69,93,33,2,4,5,0
6.55,43,44,33,4,5,2,0
6.25,98,79,56,4,3,1,0
7.58,35,51,46,4,0,2,0
7.68,62,47,99,3,2,1,0
6.78,84,31,83,0,0,3,0
6.77,48,65,37,4,5,4,0
9.14,58,49,82,4,1,3,0
8.95,90,45,34,1,0,0,0
6.54,99,96,98,1,0,5,0
9.57,53,59,76,2,3,3,0
9.76,52,84,69,2,1,3,0
6.63,39,95,36,2,5,0,0
6.77,83,55,41,4,4,0,0
7.53,70,86,54,1,4,4,0
9.71,78,98,57,2,4,4,0
9.38,46,31,72,1,2,2,0
5.51,85,85,76,4,4,1,0
6.96,74,91,78,4,2,0,0
7.77,59,63,83,2,5,3,0
7.52,73,85,47,4,5,3,0
5.97,84,84,56,4,0,4,0
9.29,48,49,35,1,4,1,0
8.38,58,79,98,0,3,0,0
9.19,31,54,51,3,5,4,0
9.29,65,54,88,2,1,1,0
8.74,48,82,76,0,1,0,0
7.2,36,43,97,2,5,3,0
8.05,55,89,61,0,0,3,0
5.8,67,72,30,4,1,4,0
8.37,32,91,83,2,1,1,0
5.9,95,98,75,0,0,3,0
8.47,72,92,70,3,0,1,1
6.15,91,31,70,4,0,4,0
5.59,53,83,37,2,3,2,0
5.83,68,45,61,2,0,1,0
5.01,97,84,59,0,0,5,0
8.59,73,72,75,2,0,1,1
8.66,34,90,81,4,5,4,0
7.57,84,67,90,1,4,5,0
5.81,59,74,42,0,5,2,0
5.42,58,80,69,3,4,3,0
5.1,55,71,90,2,3,0,0
5.83,55,53,73,4,3,4,0
9.45,66,59,91,2,1,0,0
6.21,82,66,73,3,5,2,0
6.77,59,82,77,4,4,5,0
5.53,32,92,88,3,3,2,0
6.11,72,40,86,4,3,1,0
7.6,36,52,40,1,5,0,0
8.04,78,79,54,4,1,0,1
6.23,70,84,90,3,0,2,0
5.29,83,84,75,0,2,5,0
6.96,98,33,83,1,1,0,0
6.17,56,83,63,2,2,3,0
6.1,37,90,36,1,1,2,0
9.8,61,34,91,1,1,1,0
8.08,93,47,86,2,0,1,0
7.78,39,73,34,4,3,1,0
7.08,42,60,64,1,4,0,0
7.14,92,50,66,1,1,2,0
7.7,64,76,89,0,0,1,1
8.48,90,59,94,0,2,2,0
8.51,83,84,45,3,5,0,0
5.86,37,97,59,2,5,3,0
7.5,58,98,71,4,3,3,0
7.06,70,70,90,4,5,3,0
9.35,59,74,77,3,1,0,1
8.16,50,59,91,4,2,1,0
7.66,40,74,93,4,1,0,0
5.58,31,74,86,0,5,2,0
8.03,79,74,97,4,4,3,0
5.59,70,84,75,4,5,2,0
6.69,95,88,57,3,4,0,0
5.71,32,34,32,3,5,4,0
8.46,80,61,66,1,3,4,0
6.03,97,35,77,4,2,0,0
6.96,54,55,48,4,4,1,0
9.48,59,66,46,4,0,5,1
6.02,40,42,69,0,3,2,0
7.54,46,98,79,4,1,0,0
7.1,55,54,58,0,5,0,0
5.09,52,42,80,1,2,4,0
8.96,85,49,71,2,2,3,0
5.35,81,89,58,4,5,3,0
7.37,77,50,95,3,0,5,0
7.8,49,90,46,3,4,1,0
8.14,31,55,60,4,5,1,0
8.44,60,83,81,0,2,5,1
6.27,56,71,68,3,0,1,0
5.05,31,40,89,3,0,4,0
8.62,33,66,80,1,1,0,0
7.68,42,40,45,1,0,1,0
9.18,64,56,43,1,3,4,0
9.11,95,63,71,3,2,2,1
9.22,35,67,80,3,3,0,0
7.43,60,90,53,4,0,5,1
6.67,39,82,72,4,0,2,0
8.96,50,94,48,0,3,3,0
7.26,52,32,90,3,1,3,0
5.92,32,96,92,4,0,0,0
9.27,61,57,55,4,3,1,0
9.41,49,43,64,1,3,0,0
7.33,58,81,96,1,2,1,1
5.38,81,59,85,1,1,5,0
6.94,75,87,69,2,4,3,0
9.02,63,83,58,4,3,0,0
9.51,90,98,35,1,2,0,1
6.02,99,44,81,1,4,5,0
5.33,40,67,30,3,2,1,0
9.39,92,43,81,1,2,3,0
6.95,50,86,53,3,5,3,0
7.71,32,88,63,0,1,1,0
9.84,39,37,36,1,0,5,0
5.33,56,48,40,3,1,1,0
8.24,41,61,65,1,4,5,0
5.37,36,58,49,0,5,1,0
6.88,46,70,92,1,1,3,0
9.02,94,74,92,3,0,3,1
7.17,93,42,98,0,1,0,0
9.99,55,56,59,0,1,5,0
7.8,44,48,59,0,1,3,0
6.61,62,55,51,2,3,5,0
6.1,91,82,90,3,3,5,0
6.75,76,80,50,2,1,2,0
6.86,64,66,66,0,0,2,0
5.34,94,38,56,2,0,1,0
6.85,54,81,64,1,0,5,0
7.32,86,83,67,2,0,1,1
8.61,61,32,89,4,5,1,0
8.28,92,98,99,0,5,0,0
8.54,41,37,61,0,2,2,0
5.04,92,43,56,3,1,2,0
6.09,30,32,32,1,1,3,0
8.31,80,53,78,3,2,2,0
7.42,99,42,59,2,0,3,0
5.03,37,72,51,4,4,5,0
9.02,97,58,48,4,4,0,0
8.86,34,80,60,4,2,1,0
7.74,68,71,49,4,4,1,0
5.33,52,60,48,1,3,5,0
8.83,97,92,31,2,1,3,1
7.92,81,55,69,4,4,4,0
8.91,33,47,68,0,5,5,0
8.76,76,86,83,2,5,3,0
9.02,50,36,56,1,3,5,0
7.59,85,77,41,4,1,0,1
5.7,95,89,46,1,3,5,0
8.36,88,62,39,4,1,5,1
8.1,36,32,48,0,1,2,0
8.71,78,33,59,2,4,3,0
5.85,45,33,59,0,5,0,0
5.97,46,71,54,4,2,1,0
9.45,63,38,95,3,4,4,0
8.75,62,80,64,2,0,4,1
9.54,55,46,80,1,3,3,0
8.79,95,46,56,4,0,5,0
7.99,92,49,39,0,1,2,0
8.27,70,43,72,3,4,5,0
9.45,87,51,84,4,0,3,0
7.89,39,81,35,1,0,4,0
8.16,44,56,35,0,5,4,0
5.78,71,72,77,2,0,5,0
7.37,86,32,31,3,5,5,0
8.58,46,37,80,4,5,5,0
6.35,89,39,90,4,1,1,0
6.01,38,58,48,4,5,2,0
6.57,65,69,31,4,1,2,0
6.21,65,94,80,0,5,4,0
6.07,77,50,55,2,5,4,0
7.12,80,53,99,1,1,3,0
9.54,99,89,49,3,0,3,1
7.54,97,55,52,4,3,1,0
5.94,51,38,83,4,4,4,0
5.38,35,49,44,2,4,3,0
8.48,55,85,35,2,1,1,0
6.91,32,65,64,0,0,2,0
9.11,81,65,37,0,3,4,0
8.3,89,51,86,0,2,0,0
8.98,92,30,79,3,1,4,0
6.36,94,98,78,0,2,3,0
8.46,81,66,50,4,4,4,0
6.32,43,42,65,0,4,0,0
9.7,97,72,98,3,3,4,0
8.18,57,66,87,0,3,3,0
6.62,39,54,92,0,2,2,0
6.35,86,50,45,4,4,3,0
5.95,95,70,35,4,3,1,0
8.47,79,71,81,4,3,3,0
6.09,43,71,31,0,4,1,0
7.98,45,31,47,4,4,4,0
6.32,83,97,64,2,0,1,0
8.31,72,37,68,1,5,5,0
9.07,71,90,30,1,3,4,0
8.89,51,43,66,4,2,1,0
8.8,97,50,50,3,1,3,0
5.94,48,53,30,4,1,0,0
5.44,95,79,33,4,4,4,0
8.49,68,74,87,0,5,1,0
6.84,48,93,30,3,2,0,0
7.16,45,93,42,4,0,1,0
5.16,83,55,75,2,3,1,0
6.3,54,61,76,1,0,1,0
5.17,47,86,36,2,2,3,0
9.4,52,82,80,2,0,1,0
6.22,40,62,32,2,4,0,0
7.79,68,81,79,3,1,5,1
5.19,97,47,55,3,4,1,0
8.33,54,64,60,3,3,5,0
6.62,92,41,91,1,4,2,0
9.49,59,80,55,0,2,4,1
9.44,74,39,96,4,2,3,0
6.63,90,81,84,4,3,2,0
9.5,80,63,57,0,3,2,0
9.98,38,96,73,4,1,0,0
9.13,31,68,67,2,0,0,0
9.22,34,37,59,1,1,5,0
6.25,91,58,95,4,4,5,0
7.88,98,51,37,1,0,3,0
5.34,81,99,43,0,3,3,0
5.47,34,90,91,4,2,4,0
9.99,88,72,92,1,4,1,0
6.63,97,78,95,2,1,3,0
8.74,38,58,69,2,5,3,0
9.03,51,60,42,0,5,5,0
9.29,56,82,46,3,3,1,0
9.99,39,63,44,4,0,4,0
6.21,90,67,62,2,5,0,0
5.2,80,86,45,2,0,4,0
7.06,39,33,42,0,2,1,0
5.65,35,31,52,2,3,0,0
5.11,91,41,65,4,3,0,0
6.8,34,64,72,0,4,0,0
8.92,99,99,79,1,4,4,0
7.83,92,50,42,0,0,5,0
6.56,85,90,59,4,5,1,0
8.27,88,64,86,4,5,4,0
6.16,92,77,59,1,1,4,0
5.07,88,44,39,0,0,2,0
8.82,80,44,95,4,5,3,0
8.12,79,35,68,4,4,4,0
8.81,33,97,66,1,4,2,0
5.19,77,51,32,3,4,5,0
9.19,61,61,63,0,0,5,1
8.1,80,51,67,4,3,1,0
7.82,81,56,43,2,1,2,0
8.12,63,44,93,1,1,4,0
9.32,65,73,68,3,4,1,0
7.93,99,38,83,3,2,2,0
7.9,72,63,31,1,0,4,1
9.95,45,44,72,3,5,1,0
8.78,88,91,82,4,5,1,0
7.21,82,74,32,3,3,3,0
8.54,48,87,70,0,4,5,0
6.95,70,48,37,2,2,4,0
6.14,76,45,92,4,4,3,0
7.98,83,37,94,1,2,1,0
9.64,84,62,33,2,1,1,1
9.65,48,47,97,4,2,2,0
6.71,91,64,39,2,1,3,0
7.64,88,72,79,3,1,0,1
6.06,94,79,52,1,0,4,0
9.98,97,32,90,1,2,5,0
9.91,57,88,76,0,3,3,0
8.25,47,57,32,3,3,1,0
9.02,55,75,46,0,2,2,0
8.58,48,93,51,0,0,4,0
7.97,84,99,45,3,3,5,0
5.27,86,76,32,4,4,4,0
7.27,35,43,81,0,3,2,0
8.37,30,36,62,2,0,1,0
8.39,37,60,71,4,1,5,0
6.87,80,80,31,3,1,0,0
9.71,54,58,68,1,1,2,0
5.84,76,44,75,4,0,0,0
7.5,84,54,77,0,1,3,0
8.45,93,90,56,2,1,4,1
8.49,39,70,44,3,0,5,0
8.24,85,98,36,1,4,1,0
6.38,41,33,86,2,3,0,0
5.78,62,86,71,1,0,1,0
8.18,46,60,38,3,0,3,0
8.0,90,32,35,4,2,0,0
5.9,39,96,86,0,1,1,0
8.53,60,79,59,3,5,1,0
7.28,89,46,84,2,4,3,0
8.34,99,89,83,4,5,2,0
9.19,46,95,56,1,2,5,0
5.85,79,53,88,4,4,3,0
5.1,66,61,36,4,1,0,0
8.9,91,48,69,2,5,0,0
8.05,58,95,31,0,1,4,1
8.5,61,89,43,4,1,1,1
9.19,40,95,39,4,3,5,0
9.01,35,44,79,0,4,0,0
9.8,64,64,47,0,4,2,0
7.68,62,98,47,1,2,2,1
7.44,47,56,45,1,0,3,0
7.01,66,36,81,0,1,0,0
5.77,42,35,98,3,1,5,0
7.86,93,62,81,0,5,5,0
6.39,30,87,60,1,2,0,0
9.61,92,78,52,2,4,4,0
7.92,63,46,71,2,3,4,0
7.96,39,71,91,4,4,4,0
6.77,36,69,79,2,3,0,0
5.26,85,75,44,1,3,3,0
5.16,66,99,73,2,4,5,0
7.12,58,97,71,3,5,3,0
5.42,41,30,74,0,1,3,0
8.03,46,81,64,0,3,3,0
9.4,77,64,51,1,5,2,0
9.41,55,98,67,4,2,0,0
8.3,41,34,99,0,2,1,0
6.06,50,46,93,2,3,0,0
9.31,71,82,36,3,1,3,1
9.43,90,81,73,4,3,2,0
5.98,87,43,36,4,2,2,0
8.69,83,58,95,4,2,0,0
6.43,63,37,89,0,4,1,0
9.01,36,30,30,4,1,3,0
9.99,64,58,91,1,4,2,0
5.15,44,65,47,2,5,3,0
9.49,94,80,36,3,5,3,0
8.11,54,66,83,2,5,5,0
9.87,88,98,96,1,0,3,1
7.33,35,82,39,1,5,4,0
9.24,81,81,90,2,3,5,0
5.31,50,41,88,0,4,3,0
6.68,61,81,88,1,5,3,0
5.34,82,30,98,4,1,1,0
9.88,88,36,92,3,5,5,0
9.08,98,46,37,3,3,5,0
9.26,91,72,84,1,3,1,0
9.69,33,46,35,4,3,4,0
5.43,47,88,30,2,3,5,0
6.93,85,32,85,3,3,4,0
5.36,53,58,39,4,1,3,0
6.05,95,51,52,4,0,2,0
6.15,42,67,45,0,2,2,0
7.35,91,83,45,1,0,0,1
6.34,83,79,85,4,2,2,0
5.5,44,98,35,2,4,2,0
5.84,98,59,59,3,3,1,0
5.74,32,52,92,0,4,0,0
9.87,66,76,30,2,4,0,0
8.8,66,50,80,3,2,1,0
9.84,32,49,75,1,1,2,0
7.2,92,52,50,2,3,2,0
6.39,64,97,67,3,5,0,0
8.99,81,50,98,0,4,2,0
6.63,57,50,92,3,0,0,0
6.5,47,30,79,4,3,2,0
6.16,65,44,41,0,1,3,0
5.65,62,46,98,2,3,1,0
6.28,93,80,73,1,5,5,0
6.78,55,92,81,0,5,4,0
8.37,77,43,38,0,4,3,0
5.31,69,88,94,0,0,2,0
6.05,46,79,39,3,4,4,0
9.05,69,63,75,4,1,5,1
5.73,36,35,87,1,2,3,0
6.71,86,78,66,1,5,5,0
9.32,37,35,81,4,0,1,0
5.77,85,98,42,3,5,4,0
5.41,60,36,35,3,1,5,0
7.42,88,80,87,4,1,4,1
6.51,87,30,77,4,5,1,0
7.82,41,42,61,2,4,5,0
9.02,77,72,40,3,5,3,0
5.69,60,56,34,0,4,4,0
7.9,92,32,35,1,5,5,0
7.53,68,87,50,3,4,1,0
5.72,49,46,71,4,2,5,0
8.12,77,74,56,0,3,5,0
6.37,83,87,32,2,3,3,0
7.44,58,85,89,2,4,2,0
5.41,77,83,95,0,4,0,0
7.3,85,58,78,0,2,2,0
6.53,46,83,63,4,3,2,0
9.11,38,56,66,4,2,0,0
5.28,63,74,71,1,1,5,0
7.09,74,60,94,1,5,2,0
7.29,38,65,89,2,3,2,0
8.63,36,90,30,0,4,1,0
7.87,45,66,88,2,0,1,0
8.34,48,96,33,4,1,3,0
8.89,35,65,43,3,5,4,0
9.31,40,34,47,4,0,5,0
6.57,90,75,63,3,2,3,0
7.69,71,81,30,0,5,1,0
9.2,42,78,82,0,2,1,0
9.95,41,35,51,0,2,0,0
9.45,49,39,90,1,4,0,0
6.86,79,52,51,1,2,1,0
5.98,65,46,79,3,0,2,0
7.45,98,73,45,2,1,3,1
8.71,66,70,57,2,4,1,0
7.46,41,44,99,3,1,5,0
7.42,69,73,71,1,2,1,1
9.19,83,87,95,4,3,0,0
6.81,31,79,64,3,5,3,0
9.3,79,81,49,2,4,3,0
7.03,70,99,31,3,2,4,1
6.64,74,97,36,3,4,1,0
7.27,38,92,78,0,3,4,0
8.81,91,87,38,1,0,0,1
5.63,76,52,56,0,0,4,0
5.98,34,73,31,1,5,2,0
9.76,30,73,97,3,0,1,0
5.88,73,81,89,1,3,1,0
7.84,51,96,78,2,1,3,0
7.9,67,57,31,0,3,4,0
7.45,48,96,46,3,3,3,0
8.22,60,47,49,2,2,5,0
6.15,96,56,61,1,0,4,0
7.76,71,80,80,1,4,4,0
6.86,55,89,71,2,5,0,0
8.31,42,78,92,1,1,4,0
5.71,87,44,90,0,4,3,0
7.85,47,97,91,4,2,5,0
5.93,96,44,32,1,2,4,0
6.39,32,80,55,3,1,4,0
6.09,84,77,77,1,4,1,0
5.91,87,30,37,3,1,1,0
9.13,92,36,34,1,1,5,0
6.43,81,82,40,1,0,1,0
9.64,53,60,71,3,4,2,0
9.85,38,47,70,0,0,1,0
7.86,66,41,48,4,0,2,0
5.72,82,77,77,4,5,5,0
6.87,53,59,82,0,0,2,0
8.99,50,36,84,1,3,5,0
6.84,69,32,90,4,2,3,0
5.44,91,92,61,0,2,1,0
7.78,99,35,75,0,3,4,0
9.23,98,44,65,4,1,0,0
8.98,43,72,47,3,4,4,0
5.88,71,47,47,2,4,1,0
8.36,79,51,41,3,4,4,0
6.1,90,90,75,1,0,1,0
6.09,33,90,84,3,4,1,0
9.37,46,82,67,2,4,4,0
6.25,86,55,31,2,4,2,0
6.32,77,69,38,0,2,3,0
5.0,73,37,34,1,3,3,0
9.35,74,50,48,0,5,3,0
8.96,62,72,68,3,1,3,1
8.14,60,50,71,3,3,0,0
8.75,76,32,46,4,4,5,0
5.76,35,60,92,0,1,1,0
7.29,63,56,75,0,1,0,0
6.76,82,56,49,0,3,3,0
5.47,43,86,99,0,3,3,0
7.43,45,62,37,2,3,4,0
9.6,72,73,48,4,5,3,0
5.2,41,72,61,1,3,1,0
6.46,99,60,48,1,5,3,0
6.04,48,94,53,1,0,3,0
6.19,70,46,53,2,2,0,0
9.54,82,44,85,4,5,1,0
7.34,58,63,47,4,2,2,1
7.33,99,33,41,2,4,4,0
8.8,88,57,70,0,0,2,0
5.77,93,31,77,3,1,5,0
7.44,53,46,93,0,3,0,0
7.15,45,87,45,1,4,3,0
7.98,81,38,52,0,1,4,0
10.0,35,60,68,2,2,5,0
8.85,66,95,62,1,1,5,1
6.99,33,91,53,3,3,1,0
9.14,67,48,90,1,3,4,0
5.85,70,84,84,0,5,5,0
5.15,43,57,90,4,5,0,0
6.02,80,79,69,4,2,3,0
6.7,94,94,87,4,3,0,0
7.55,81,32,30,1,0,5,0
8.08,59,81,54,4,4,1,0
9.55,86,39,82,2,2,2,0
7.55,59,50,90,3,2,3,0
7.51,71,66,75,4,1,3,1
5.25,40,44,89,2,2,0,0
5.17,56,38,80,2,4,0,0
7.76,53,73,77,1,0,0,0
7.19,68,68,69,1,1,5,1
9.2,47,34,36,3,4,3,0
5.8,74,54,48,3,5,0,0
5.12,41,85,44,0,2,4,0
7.25,78,93,99,3,3,5,0
6.19,60,81,90,1,5,5,0
5.25,51,38,85,2,3,4,0
8.62,73,39,39,0,4,4,0
5.56,93,39,75,3,0,5,0
8.04,54,91,86,2,3,3,0
6.41,80,89,64,1,4,0,0
5.87,36,48,32,4,1,1,0
6.9,35,67,95,0,2,0,0
9.01,53,35,82,2,0,3,0
6.96,48,44,81,1,0,4,0
8.75,38,76,82,1,1,3,0
5.63,65,74,83,0,0,0,0
8.86,69,34,76,0,4,3,0
6.18,53,82,32,3,0,1,0
8.39,77,95,94,3,0,3,1
7.83,92,91,44,0,0,2,1
9.65,98,52,63,0,4,3,0
6.94,82,73,79,2,5,0,0
5.33,83,81,62,3,2,2,0
5.1,71,75,32,1,3,4,0
9.13,74,48,31,3,5,0,0
7.62,43,76,33,3,0,5,0
8.88,58,81,45,0,1,1,1
6.17,35,53,83,0,1,3,0
6.73,36,46,62,3,4,3,0
5.15,66,75,38,4,2,0,0
9.81,82,93,86,4,0,3,1
8.34,47,57,69,3,4,3,0
9.67,67,79,81,4,3,4,0
6.33,88,93,45,3,2,3,0
8.06,30,57,37,0,2,3,0
8.39,97,85,89,0,4,4,0
6.59,73,88,65,0,5,5,0
9.24,76,34,32,1,1,3,0
9.74,64,83,44,0,5,5,0
9.42,89,73,52,0,2,4,1
8.7,81,71,32,3,1,1,1
6.39,37,86,59,4,2,3,0
6.41,70,76,74,4,2,0,0
9.82,32,54,46,0,2,2,0
5.05,98,73,87,0,3,1,0
8.58,43,44,87,0,1,3,0
8.53,55,80,86,3,3,0,0
8.11,99,82,36,3,1,2,1
9.95,87,63,68,3,3,4,0
6.56,69,37,87,4,3,3,0
6.7,80,99,85,1,3,5,0
5.39,34,50,44,4,4,5,0
7.21,61,36,73,3,3,4,0
6.31,30,85,41,2,5,1,0
6.72,83,78,37,1,5,5,0
9.17,40,71,70,0,2,2,0
9.68,82,52,63,4,0,5,0
5.93,37,81,75,1,3,2,0
6.86,54,82,58,2,0,5,0
9.64,69,45,45,1,0,4,0
5.31,61,66,34,4,2,4,0
5.46,57,47,34,3,0,5,0
5.81,32,49,59,0,0,1,0
7.98,91,75,79,3,5,0,0
5.75,56,31,34,3,0,5,0
9.84,74,92,42,4,1,3,1
7.23,54,32,78,3,3,0,0
7.51,90,75,79,3,3,5,0
6.23,73,78,43,4,0,2,0
7.35,75,30,75,4,2,3,0
8.31,43,51,63,2,1,1,0
8.76,37,43,76,3,2,0,0
8.77,77,74,89,1,2,0,1
7.89,43,35,40,0,0,3,0
9.52,94,94,79,0,4,1,0
9.09,36,50,33,4,0,5,0
8.79,78,33,70,4,5,1,0
5.28,84,32,88,2,4,5,0
5.03,42,59,89,3,1,0,0
6.06,85,60,91,4,4,5,0
8.32,85,63,54,4,0,0,1
7.06,44,49,62,0,0,4,0
7.01,86,83,48,3,2,3,1
9.42,87,54,86,2,0,1,0
9.48,64,44,44,4,5,2,0
9.55,45,67,70,4,0,3,0
6.57,37,52,98,4,3,5,0
8.46,74,81,89,0,3,4,0
6.36,69,95,51,4,2,3,0
5.95,83,86,72,4,4,0,0
5.92,43,86,61,0,4,3,0
6.71,88,81,42,4,3,5,0
7.15,82,64,67,3,5,3,0
9.15,56,43,55,3,1,3,0
5.6,76,43,34,0,5,5,0
8.67,35,62,78,3,3,2,0
7.66,84,81,34,2,5,4,0
6.44,73,30,77,4,1,3,0
7.46,47,63,47,2,4,3,0
6.5,45,48,35,3,3,2,0
7.98,41,53,95,0,0,1,0
7.17,49,33,71,0,1,3,0
5.82,74,65,81,2,1,5,0
5.58,93,87,40,3,1,5,0
7.73,88,61,55,4,4,3,0
9.51,51,38,50,3,5,1,0
6.72,76,96,95,3,2,5,0
8.67,58,49,69,0,0,3,0
8.29,74,91,85,1,3,3,0
9.66,38,87,80,4,5,3,0
9.1,53,51,49,4,1,4,0
7.83,44,96,86,0,4,5,0
8.29,65,77,34,3,1,0,1
9.49,42,37,43,0,5,4,0
7.0,73,44,53,3,3,1,0
6.63,65,61,97,1,0,4,0
5.05,90,82,81,1,1,4,0
9.13,69,96,77,2,4,2,0
9.0,56,33,76,3,4,1,0
5.52,30,59,89,0,2,1,0
7.88,63,42,32,0,4,1,0
7.32,97,50,38,0,2,4,0
5.59,50,70,53,2,0,1,0
9.9,62,48,33,4,3,5,0
6.07,36,77,38,0,2,2,0
5.34,94,92,30,1,1,3,0
7.97,32,49,64,0,5,4,0
8.69,80,93,41,0,1,3,1
5.16,83,66,47,0,3,3,0
8.29,88,60,39,4,4,4,0
7.66,35,47,47,0,5,5,0
5.52,58,49,53,4,1,4,0
5.86,46,40,30,4,5,1,0
7.84,89,73,45,2,2,2,1
6.48,51,93,44,1,3,4,0
9.69,53,63,91,0,1,3,0
9.09,80,94,34,0,4,4,0
9.92,79,84,74,0,5,2,0
6.3,40,30,81,4,4,0,0
9.85,85,67,36,3,5,5,0
7.16,71,38,56,1,1,3,0
6.74,68,46,42,0,3,0,0
5.25,98,81,46,3,0,0,0
5.26,77,47,73,3,1,2,0
8.46,86,92,42,3,4,5,0
7.29,50,62,34,1,0,4,0
6.13,49,33,62,3,3,0,0
8.07,44,81,33,0,4,1,0
6.26,98,38,55,0,3,4,0
7.89,80,93,97,2,5,5,0
6.8,91,59,45,4,1,3,0
9.12,66,37,51,3,3,4,0
9.1,35,34,65,4,4,2,0
7.39,55,92,87,4,1,2,0
6.75,37,30,84,4,4,3,0
6.81,33,44,64,4,4,3,0
9.03,50,67,54,4,0,3,0
6.64,60,71,90,0,2,2,0
6.05,50,75,47,1,3,5,0
5.42,54,82,87,3,3,5,0
7.33,44,55,86,3,0,4,0
7.41,64,90,92,0,5,0,0
9.2,78,96,41,0,3,0,0
6.11,72,83,40,4,0,1,0
6.9,70,51,42,1,3,2,0
9.04,66,55,64,3,3,3,0
9.12,86,89,56,2,4,5,0
6.92,71,68,96,0,0,4,0
7.3,76,65,74,2,5,5,0
6.52,90,50,96,3,3,2,0
9.66,43,70,51,0,5,1,0
5.59,97,77,71,3,2,5,0
9.67,82,55,49,0,0,0,0
8.42,63,92,77,3,0,4,1
7.66,53,65,47,2,0,0,0
5.16,49,53,99,1,4,4,0
7.38,98,50,35,0,0,3,0
7.04,59,47,68,2,4,4,0
5.81,36,44,40,3,2,3,0
8.28,65,35,54,2,1,2,0
9.86,67,72,84,0,4,0,0
7.81,81,60,87,2,3,4,0
8.57,44,57,66,3,0,4,0
5.34,75,37,45,4,1,1,0
7.09,52,58,99,1,4,0,0
5.58,41,50,66,1,5,2,0
8.06,73,87,82,4,5,3,0
9.69,44,89,45,0,3,2,0
8.31,78,79,47,2,1,1,1
5.38,50,60,48,2,2,2,0
6.77,44,76,73,4,4,3,0
7.75,43,63,31,4,5,0,0
7.02,71,31,87,3,5,5,0
9.17,44,96,39,3,4,1,0
9.07,92,81,75,1,5,4,0
8.06,97,36,48,0,2,4,0
6.87,56,48,67,0,5,0,0
6.28,82,44,66,4,4,5,0
5.53,81,77,74,1,0,2,0
6.77,92,43,63,1,5,4,0
7.07,82,32,31,3,4,1,0
8.38,86,79,73,2,0,5,1
8.29,81,83,56,0,5,3,0
5.35,72,35,77,1,5,2,0
6.98,36,78,36,3,4,5,0
5.91,71,52,56,3,3,3,0
5.78,33,49,47,3,3,5,0
9.14,98,89,62,2,1,5,1
5.21,34,74,62,1,3,2,0
7.1,70,90,54,4,2,1,1
5.84,33,85,43,4,1,3,0
9.4,31,31,67,3,3,1,0
7.79,96,74,67,3,0,3,1
6.16,50,69,33,2,4,2,0
7.51,99,53,91,3,3,1,0
8.66,72,58,39,1,0,2,0
9.79,98,96,64,3,1,5,1
6.1,38,97,52,3,4,5,0
9.43,57,95,94,1,3,2,0
9.67,55,83,54,0,1,3,0
9.58,32,82,82,4,3,5,0
8.18,78,78,46,3,1,3,1
8.15,46,61,86,1,3,1,0
7.02,92,90,49,4,0,4,1
8.76,84,71,54,2,2,5,1
7.66,52,30,71,0,0,5,0
8.39,63,92,74,3,4,0,0
7.14,98,64,60,0,3,3,0
8.66,44,80,94,3,2,2,0
9.12,76,74,81,3,2,0,1
5.73,32,94,50,3,4,1,0
9.16,57,43,59,0,4,0,0
7.7,32,32,32,2,2,0,0
9.22,33,53,99,1,4,4,0
7.16,60,94,72,1,4,4,0
6.9,74,77,58,2,3,0,0
9.58,88,39,32,2,0,4,0
6.26,74,42,87,3,5,4,0
9.22,66,43,62,3,1,0,0
7.42,94,39,74,1,2,3,0
7.57,38,69,98,3,1,4,0
6.54,46,52,61,3,2,0,0
7.87,94,84,81,2,2,3,1
6.63,32,92,93,0,0,5,0
5.2,55,71,69,4,2,4,0
6.36,82,95,42,4,2,0,0
5.03,60,76,58,3,0,4,0
9.89,55,81,92,3,4,3,0
9.83,52,47,55,4,5,0,0
6.98,59,47,88,2,1,3,0
8.64,39,53,78,4,2,5,0
6.73,93,52,82,4,0,2,0
8.36,51,41,60,4,2,1,0
9.03,44,52,41,3,0,2,0
9.73,85,50,87,3,1,4,0
7.0,49,93,65,4,3,3,0
8.92,76,63,39,3,4,0,0
6.33,82,31,35,4,3,3,0
9.95,82,98,36,2,0,4,1
5.13,30,60,60,3,2,0,0
8.02,31,97,32,0,4,2,0
8.3,87,99,76,3,1,3,1
8.44,48,48,30,2,5,1,0
5.6,91,42,74,2,4,5,0
9.69,41,94,83,3,2,5,0
5.91,55,35,79,1,3,4,0
8.11,56,56,36,4,0,4,0
6.11,58,81,92,4,3,3,0
6.54,44,77,44,2,4,2,0
7.73,75,97,96,3,5,2,0
7.09,30,73,59,1,2,1,0
5.8,89,46,97,0,0,1,0
5.85,86,67,65,4,2,3,0
7.09,32,39,96,1,2,0,0
8.79,47,83,34,4,5,2,0
9.49,81,35,54,3,4,0,0
5.42,89,35,40,4,3,0,0
6.97,63,81,95,0,2,3,0
5.5,89,44,57,3,2,1,0
5.08,55,97,89,2,2,0,0
8.31,48,86,39,1,0,3,0
8.01,51,85,79,4,2,1,0
5.82,62,36,68,3,2,0,0
6.17,67,80,66,3,4,0,0
5.12,64,87,92,4,2,1,0
9.17,96,93,90,2,5,5,0
9.87,39,55,67,4,5,1,0
5.68,44,87,62,2,2,4,0
6.16,40,60,74,4,5,4,0
9.34,53,95,73,3,4,3,0
9.63,33,42,30,0,0,3,0
7.1,42,47,82,0,5,2,0
5.25,86,42,76,3,5,4,0
5.2,66,53,62,0,3,1,0
7.87,77,86,96,2,4,4,0
6.96,30,58,44,3,5,5,0
5.14,89,85,43,2,0,3,0
7.92,41,83,52,3,3,5,0
5.06,50,34,83,2,2,3,0
8.94,40,64,37,2,4,5,0
6.53,73,48,83,0,5,3,0
5.2,87,84,65,3,2,1,0
7.94,73,98,81,4,4,5,0
6.99,63,73,35,0,3,0,0
9.87,54,67,57,2,5,3,0
7.72,33,91,79,2,0,4,0
6.38,93,51,67,4,4,0,0
8.55,45,69,59,4,0,4,0
6.36,39,55,83,2,2,3,0
9.52,95,34,75,4,2,1,0
6.87,64,83,57,1,3,0,0
7.75,35,78,46,0,3,0,0
5.25,48,32,77,3,1,3,0
7.13,88,67,73,4,1,5,1
9.16,82,43,89,4,3,3,0
9.03,37,76,89,1,5,3,0
6.12,39,43,34,3,2,2,0
6.13,96,67,98,1,0,1,0
9.09,67,93,99,3,3,5,0
9.65,58,73,36,0,5,1,0
5.48,44,99,82,4,0,3,0
7.25,52,94,46,0,1,2,0
6.69,75,54,88,3,0,3,0
9.35,57,45,38,4,3,3,0
5.42,55,44,51,1,2,1,0
6.06,39,32,74,2,3,2,0
8.76,76,96,88,1,4,1,0
5.26,33,66,42,2,5,3,0
7.46,84,84,41,1,5,4,0
7.21,95,67,65,3,5,0,0
6.67,96,92,39,0,4,5,0
6.97,36,30,45,2,4,3,0
7.65,84,48,48,3,2,5,0
5.81,60,81,35,0,5,2,0
7.86,48,59,33,0,3,4,0
9.03,57,84,59,4,4,5,0
8.8,57,43,75,4,3,5,0
5.77,48,42,56,4,1,2,0
5.75,49,56,74,2,5,3,0
6.34,42,38,66,2,4,3,0
6.81,72,70,38,0,4,0,0
7.04,40,77,90,2,2,2,0
8.4,77,41,64,0,3,4,0
5.28,44,39,76,3,2,0,0
5.17,46,35,50,1,2,2,0
6.96,83,63,46,0,3,3,0
8.49,79,81,84,0,1,0,1
5.97,57,70,35,3,3,3,0
8.21,33,35,64,4,1,1,0
6.3,51,31,79,4,2,1,0
9.43,68,44,66,4,1,0,0
9.48,63,46,42,0,5,0,0
6.49,73,45,54,0,1,2,0
6.15,71,57,30,2,1,4,0
7.06,69,39,78,2,4,4,0
6.2,41,39,64,1,4,1,0
8.36,31,39,82,1,2,1,0
9.13,57,57,81,2,3,1,0
8.37,96,53,83,0,1,3,0
9.12,39,48,76,3,5,4,0
6.98,86,97,72,2,4,0,0
5.78,66,85,49,0,3,1,0
8.69,93,96,62,2,5,5,0
6.8,69,71,45,4,1,2,0
8.36,89,41,36,2,3,0,0
6.35,77,47,99,4,5,0,0
5.41,48,52,50,0,0,0,0
9.96,62,35,65,4,5,4,0
5.78,73,82,83,2,5,1,0
9.94,66,71,48,4,1,2,1
9.89,65,95,54,3,3,3,0
8.97,50,59,96,4,1,2,0
8.3,31,38,82,4,1,2,0
7.89,60,71,77,1,0,5,1
9.33,59,63,71,3,5,2,0
6.45,73,69,76,0,3,3,0
7.34,41,46,71,4,2,2,0
8.1,80,58,31,3,4,5,0
7.06,78,79,35,0,1,2,1
7.14,53,78,75,3,1,1,0
6.65,53,90,95,1,1,5,0
7.82,89,75,69,0,1,1,1
9.25,40,75,87,0,4,1,0
6.01,42,46,62,4,2,0,0
9.67,93,95,91,2,0,5,1
8.45,49,34,41,0,2,2,0
9.12,57,83,78,0,4,4,0
7.78,31,45,34,1,3,4,0
8.9,72,36,80,1,0,4,0
5.08,37,37,98,1,0,3,0
9.09,42,67,61,4,3,1,0
5.2,64,83,78,0,5,1,0
9.45,52,44,89,1,1,1,0
9.96,75,79,75,1,4,5,0
6.47,44,85,97,3,3,3,0
6.05,31,38,70,3,2,2,0
8.83,90,37,96,1,2,0,0
6.27,93,48,42,4,5,5,0
9.33,81,80,47,2,3,1,0
5.51,65,86,80,3,4,2,0
5.63,96,97,65,3,5,4,0
9.9,98,60,63,0,5,0,0
8.37,96,32,41,0,5,4,0
9.23,76,72,34,1,0,2,1
6.62,31,58,77,0,0,2,0
8.38,73,39,69,0,1,4,0
7.97,93,41,42,2,4,5,0
8.02,57,75,55,4,2,0,1
8.41,83,59,43,1,2,4,0
7.88,96,61,40,2,1,4,1
7.15,65,76,67,1,2,5,1
6.38,92,92,86,4,5,4,0
8.84,54,55,51,1,1,0,0
6.13,77,32,45,0,1,3,0
8.46,68,52,58,4,3,0,0
6.17,76,79,31,2,0,5,0
8.13,50,65,83,2,4,4,0
8.74,59,42,31,3,4,1,0
6.09,60,58,32,2,0,1,0
5.3,55,67,85,3,5,2,0
5.65,51,34,40,0,4,3,0
8.03,50,49,61,2,2,5,0
9.25,30,43,33,4,2,2,0
5.22,66,37,38,3,4,2,0
8.67,75,77,85,2,3,1,0
6.71,38,42,45,0,4,0,0
7.39,46,53,39,4,1,2,0
9.64,76,94,65,4,5,2,0
6.66,88,63,53,0,1,3,0
7.33,83,80,93,2,0,1,1
5.07,41,32,85,1,5,0,0
5.41,93,87,51,2,5,3,0
6.29,35,84,81,3,2,0,0
5.14,82,71,79,3,5,0,0
8.16,45,50,76,2,3,2,0
7.13,34,39,52,3,4,3,0
7.74,75,86,48,1,1,2,1
5.87,43,54,81,1,2,4,0
6.48,73,85,63,4,2,0,0
8.32,92,67,58,3,3,3,0
9.83,81,90,90,2,3,1,0
5.25,55,76,64,4,3,2,0
9.45,82,83,34,1,3,4,0
7.88,58,75,36,4,1,5,1
7.82,48,97,70,0,3,4,0
7.5,76,33,31,3,2,4,0
5.35,37,95,39,2,2,2,0
5.45,52,72,73,1,5,1,0
8.0,64,91,99,4,4,3,0
6.7,82,33,64,2,2,0,0
9.59,87,94,91,3,2,1,1
7.03,34,91,49,2,1,2,0
5.72,45,31,64,3,5,5,0
8.57,46,38,66,3,2,3,0
6.47,61,86,83,3,0,0,0
7.63,81,74,57,4,2,5,1
8.49,49,47,99,3,4,3,0
9.5,95,77,61,2,4,0,0
8.96,30,71,40,0,5,0,0
8.38,87,70,71,2,5,4,0
8.4,73,87,52,4,3,5,0
9.73,35,71,59,3,1,5,0
6.48,79,64,38,0,4,2,0
5.01,49,67,88,4,0,1,0
6.36,43,96,57,1,0,4,0
6.09,34,70,62,1,3,4,0
8.31,70,79,76,1,1,3,1
8.17,69,74,51,0,1,5,1
7.97,63,48,58,2,5,0,0
5.08,74,46,63,0,2,0,0
8.64,56,94,71,0,0,3,1
6.62,73,85,81,0,0,5,0
8.33,62,70,76,1,0,2,1
7.78,62,71,80,2,0,0,1
6.71,73,35,74,0,4,4,0
5.67,49,98,63,2,1,4,0
5.47,65,69,50,3,2,5,0
9.16,36,70,42,0,4,0,0
9.59,61,38,83,0,1,0,0
8.25,96,37,54,0,3,2,0
5.52,68,73,50,3,0,5,0
7.01,53,87,30,3,2,0,0
8.64,99,96,87,1,1,2,1
8.9,83,42,98,4,3,4,0
5.59,67,48,42,2,0,2,0
5.0,61,78,81,4,3,0,0
8.56,74,59,52,0,3,1,0
6.78,90,95,50,0,4,5,0
6.27,99,88,35,1,3,0,0
5.06,82,82,49,4,4,1,0
7.7,80,81,69,0,5,4,0
9.26,85,60,38,4,4,5,0
9.79,56,44,79,1,3,3,0
7.83,67,49,57,4,1,5,0
7.57,91,34,40,2,3,4,0
5.43,47,36,85,1,3,4,0
7.74,93,47,64,4,1,4,0
6.9,59,85,54,0,0,2,0
8.04,78,74,48,3,2,4,1
6.94,70,57,60,3,5,3,0
6.2,42,79,79,1,0,0,0
5.47,63,31,92,3,3,1,0
6.57,54,97,76,2,0,5,0
5.48,95,53,30,1,2,5,0
5.88,47,77,87,0,0,4,0
9.94,34,74,39,0,2,1,0
7.22,48,87,37,1,0,4,0
7.66,71,65,55,3,4,2,0
9.37,47,31,63,3,3,1,0
9.98,61,47,48,0,2,4,0
7.91,50,78,30,2,5,4,0
9.06,39,37,77,3,3,3,0
6.63,66,87,54,2,4,3,0
6.53,78,44,53,3,0,3,0
7.01,42,46,76,1,3,2,0
8.36,84,52,98,4,0,1,0
8.41,46,95,96,0,0,2,0
6.58,38,99,61,1,3,0,0
5.67,73,56,46,3,2,4,0
8.16,75,66,90,0,2,4,1
5.64,37,78,98,4,3,4,0
7.89,66,93,40,4,2,3,1
8.47,48,63,67,3,1,4,0
8.5,92,47,97,0,0,3,0
8.77,75,93,48,3,3,0,0
9.36,55,73,46,4,5,2,0
7.5,75,46,42,1,4,2,0
8.65,75,88,30,1,3,2,0
8.1,43,42,31,2,3,3,0
5.93,92,81,95,4,0,5,0
5.13,32,89,97,4,4,5,0
6.42,57,71,45,3,0,1,0
7.22,58,93,33,2,5,5,0
8.09,47,95,86,2,2,1,0
9.25,64,63,52,0,3,0,0
5.98,76,93,31,3,0,1,0
5.63,34,62,96,1,5,0,0
9.82,88,41,55,0,5,4,0
5.54,88,48,36,2,1,2,0
7.39,76,38,73,1,3,5,0
7.93,42,46,62,4,5,3,0
7.71,62,79,93,3,2,0,1
5.43,91,68,65,2,0,5,0
5.29,45,70,33,4,0,3,0
5.53,73,39,52,2,1,3,0
7.93,87,41,54,1,2,2,0
7.72,35,44,56,0,5,4,0
6.17,44,57,80,1,1,4,0
8.19,33,33,98,3,5,1,0
9.1,85,65,52,3,5,5,0
5.21,93,94,38,2,3,4,0
7.49,97,76,62,1,4,2,0
8.45,63,68,64,0,5,5,0
6.26,85,67,79,3,0,3,0
6.54,61,73,53,0,5,0,0
8.07,38,80,53,4,1,0,0
9.49,92,55,48,2,5,4,0
9.05,62,65,68,0,0,1,1
7.92,50,98,90,2,0,0,0
8.65,84,30,54,4,1,1,0
6.82,86,82,54,0,0,0,0
8.2,31,35,56,0,2,1,0
7.33,42,66,61,4,2,1,0
5.95,33,31,40,1,4,3,0
8.51,79,98,98,0,2,2,1
7.78,77,70,62,0,1,0,1
6.79,59,80,48,3,5,5,0
9.56,58,76,45,1,2,4,1
5.1,37,42,40,0,4,2,0
6.58,41,98,98,4,3,3,0
5.28,70,95,84,2,3,3,0
8.83,55,88,54,4,1,3,0
8.51,79,97,63,1,4,4,0
6.66,31,88,41,3,2,0,0
8.38,84,39,50,3,4,0,0
6.98,85,42,58,3,0,1,0
8.78,43,31,80,4,4,1,0
7.27,35,44,52,2,2,5,0
7.06,90,75,62,2,1,1,1
9.67,41,86,37,0,0,4,0
6.25,42,39,71,2,4,2,0
5.6,48,51,98,2,3,0,0
7.92,73,37,70,0,2,1,0
9.85,88,50,92,4,1,4,0
6.89,66,51,43,4,5,4,0
5.31,54,74,91,1,2,5,0
6.7,45,69,75,4,4,1,0
7.53,67,51,96,3,1,5,0
5.81,72,59,82,3,3,3,0
8.29,43,91,81,1,0,3,0
9.99,35,74,36,2,4,3,0
7.26,52,64,83,1,1,1,0
6.77,89,71,40,0,0,4,0
7.0,41,34,54,1,1,4,0
5.58,42,56,88,1,5,0,0
9.42,35,99,95,3,4,3,0
7.07,92,91,56,0,1,1,1
6.94,67,61,87,0,3,0,0
8.3,79,37,40,1,1,4,0
7.21,81,47,84,0,4,0,0
8.24,69,44,48,0,1,3,0
5.31,37,55,68,4,0,2,0
9.07,90,82,99,0,0,3,1
9.7,37,73,40,2,5,3,0
8.24,63,61,43,0,2,1,1
9.77,89,57,89,3,5,2,0
5.76,86,68,65,4,2,5,0
7.39,75,61,70,3,3,2,0
8.01,51,47,31,3,0,2,0
7.91,69,99,86,2,2,4,1
7.01,74,40,89,4,1,0,0
6.69,84,61,49,1,3,4,0
5.63,80,49,51,0,4,5,0
6.96,34,69,33,2,2,2,0
5.81,42,37,85,2,5,1,0
8.67,57,64,87,1,2,5,1
6.04,91,98,94,2,5,3,0
5.29,53,50,87,1,5,3,0
7.76,36,53,59,1,0,4,0
7.98,67,46,48,1,3,5,0
9.36,66,47,91,2,5,4,0
7.88,97,41,97,1,0,1,0
6.73,71,45,73,2,0,3,0
9.02,34,33,90,4,5,4,0
7.7,93,63,50,1,3,0,0
5.4,79,75,39,2,1,4,0
7.83,44,60,59,2,2,4,0
9.54,82,54,53,2,0,2,0
6.98,54,53,77,0,2,0,0
6.48,38,94,84,0,3,0,0
5.72,67,54,81,1,1,1,0
5.76,51,57,67,4,4,2,0
7.16,78,65,96,1,1,0,1
7.98,97,35,37,3,3,2,0
5.4,44,95,58,3,1,2,0
9.7,94,96,39,4,4,3,0
8.78,83,77,98,4,0,0,1
7.93,59,99,97,4,1,3,1
9.14,49,96,78,0,5,4,0
5.4,62,77,87,0,5,4,0
7.38,36,94,64,3,3,3,0
8.15,37,73,79,4,1,4,0
9.14,57,92,69,2,4,3,0
8.92,74,75,41,3,3,1,0
6.39,40,48,45,4,1,2,0
9.7,60,93,77,2,3,1,0
5.62,41,79,30,4,5,0,0
9.38,80,92,94,1,4,1,0
9.85,73,70,51,2,0,1,1
5.89,79,36,44,1,4,4,0
8.61,46,38,96,0,0,5,0
5.2,64,33,43,3,2,5,0
7.03,30,78,48,4,5,3,0
7.58,58,35,69,3,5,0,0
7.9,80,50,33,4,5,5,0
9.68,93,44,62,1,4,4,0
8.36,33,96,72,2,0,0,0
7.41,57,95,66,2,2,2,1
9.05,45,85,95,4,2,3,0
9.75,92,97,56,1,2,4,1
5.11,82,61,74,4,3,1,0
9.91,46,95,79,4,4,2,0
5.43,69,58,92,4,4,1,0
9.07,42,95,35,2,5,5,0
6.4,81,63,96,4,4,0,0
5.66,87,56,96,2,4,2,0
7.2,66,89,88,0,3,4,0
8.22,90,68,42,1,4,1,0
6.9,63,73,50,0,0,5,0
5.27,99,65,93,4,2,1,0
8.0,46,48,66,2,3,0,0
9.51,49,74,77,1,3,0,0
6.92,88,50,85,3,5,5,0
6.08,98,52,73,1,4,3,0
7.21,62,56,42,1,2,5,0
5.24,46,48,33,4,0,3,0
9.1,86,70,62,0,2,5,1
9.13,30,55,66,0,1,5,0
7.94,42,57,82,3,2,0,0
6.77,56,93,53,4,0,3,0
9.0,99,97,80,1,0,5,1
7.77,88,80,70,0,0,1,1
9.13,35,77,58,0,3,0,0
8.16,52,39,88,2,3,2,0
8.92,39,68,69,1,1,0,0
7.99,80,48,80,4,2,5,0
7.07,48,93,79,0,4,4,0
9.79,80,48,65,4,5,4,0
7.71,97,91,89,1,1,0,1
8.03,71,42,47,1,4,2,0
6.1,86,54,49,0,4,0,0
8.13,97,71,34,3,1,2,1
7.86,67,68,47,4,2,5,1
5.92,91,59,69,4,5,1,0
5.3,36,34,30,2,4,1,0
8.02,79,47,48,1,3,2,0
8.82,81,50,55,1,3,3,0
7.62,55,79,58,0,1,1,0
6.13,55,35,88,0,5,4,0
8.33,48,79,92,0,5,0,0
5.4,38,95,91,2,4,5,0
7.21,90,30,77,3,1,3,0
5.82,49,86,91,0,5,4,0
5.92,79,59,47,0,5,0,0
6.01,51,87,95,0,3,4,0
6.93,42,81,56,2,1,3,0
5.26,41,66,35,4,4,2,0
6.99,39,77,99,3,4,0,0
7.56,94,30,88,4,3,4,0
7.42,59,48,35,1,0,5,0
6.91,37,75,60,1,0,5,0
9.2,50,96,85,0,5,4,0
5.73,51,31,83,4,2,3,0
7.53,47,85,70,2,3,3,0
5.31,95,46,47,3,2,5,0
5.36,77,51,52,4,5,5,0
7.87,73,56,65,4,3,3,0
7.83,38,84,54,3,4,2,0
9.39,96,61,36,4,3,1,0
7.79,83,89,49,4,1,4,1
9.8,55,57,34,3,2,2,0
5.24,55,57,47,2,3,4,0
5.49,63,54,62,3,2,5,0
5.22,37,55,64,0,5,2,0
5.93,39,46,94,0,3,5,0
7.71,77,36,92,0,0,5,0
8.23,84,85,70,0,2,5,1
5.23,83,93,79,1,4,0,0
9.73,69,49,59,2,4,1,0
9.21,44,67,67,1,3,5,0
6.48,47,87,64,4,4,4,0
5.39,52,45,95,4,4,3,0
5.85,91,80,75,3,2,1,0
5.63,75,56,37,0,3,4,0
5.62,68,80,97,3,2,0,0
7.59,44,45,66,4,3,5,0
6.23,82,89,42,0,4,4,0
6.79,93,69,74,2,3,4,0
9.95,92,96,58,4,5,4,0
8.42,45,31,70,3,3,1,0
9.74,99,77,85,3,1,5,1
5.71,95,81,45,4,3,4,0
6.91,42,53,41,1,1,3,0
7.77,76,31,95,2,2,5,0
5.38,38,94,91,4,1,2,0
5.02,92,49,48,4,2,3,0
8.35,63,63,59,3,3,0,0
8.21,58,70,45,0,2,1,1
7.05,66,70,42,0,4,2,0
7.45,72,52,98,0,5,1,0
7.08,93,67,52,3,3,1,0
5.12,53,73,91,0,1,4,0
6.68,63,96,60,4,5,3,0
5.89,77,91,82,1,0,2,0
5.49,41,41,46,1,5,4,0
9.78,52,59,78,1,3,2,0
8.0,42,94,78,0,5,5,0
8.64,74,70,96,1,5,5,0
6.58,94,49,55,0,4,3,0
6.97,76,35,42,4,2,4,0
6.18,87,33,67,4,5,2,0
5.48,34,39,51,3,1,5,0
5.9,34,80,58,3,1,4,0
8.99,89,67,74,2,4,1,0
8.39,50,30,75,4,5,5,0
7.73,53,37,68,0,5,0,0
7.38,47,92,98,2,4,2,0
9.61,50,62,97,4,3,5,0
5.36,83,44,68,0,0,3,0
6.4,39,60,49,4,0,2,0
6.75,53,50,97,4,2,0,0
8.91,89,32,64,0,1,2,0
9.96,86,95,37,4,3,2,0
6.2,52,64,81,4,1,5,0
9.37,51,70,69,4,3,2,0
9.15,97,88,65,3,4,3,0
6.12,63,45,35,1,2,0,0
7.0,99,85,99,4,4,5,0
7.05,57,74,45,0,1,0,1
9.89,68,88,75,4,2,3,1
5.9,71,79,88,3,5,2,0
9.0,52,41,67,3,3,2,0
6.67,99,41,47,4,3,5,0
8.65,31,62,41,2,2,0,0
7.1,53,78,83,1,4,2,0
7.89,46,50,76,0,2,1,0
9.16,94,89,30,0,4,2,0
9.02,99,81,44,0,2,2,1
9.33,98,83,50,0,4,4,0
5.3,89,68,30,3,0,0,0
8.46,79,78,96,1,2,0,1
5.7,41,93,41,4,4,1,0
7.08,76,55,57,4,5,1,0
7.74,96,36,68,2,1,1,0
7.01,94,91,66,4,1,0,1
7.6,56,53,89,1,2,4,0
9.98,77,69,60,4,2,4,1
5.68,91,76,87,3,3,3,0
8.38,73,37,40,4,4,0,0
6.98,48,83,58,0,2,3,0
5.67,88,38,42,0,1,2,0
5.79,37,32,80,0,1,1,0
9.75,84,83,83,0,1,3,1
9.4,76,50,48,3,4,5,0
9.54,31,77,87,3,0,3,0
9.96,68,76,65,3,2,0,1
6.04,74,97,57,4,0,1,0
6.78,61,92,97,0,4,1,0
8.35,94,45,32,2,5,4,0
7.42,67,34,70,2,2,3,0
7.09,40,40,64,0,3,4,0
6.79,39,58,79,1,2,3,0
7.97,88,99,59,4,2,0,1
7.88,84,77,99,2,2,0,1
5.81,49,44,83,3,2,2,0
7.36,46,63,80,1,5,3,0
7.77,97,89,57,3,2,3,1
7.85,34,91,93,1,4,1,0
6.05,89,31,50,1,2,1,0
8.71,52,48,56,4,5,4,0
5.13,75,78,56,3,4,2,0
6.77,81,57,79,3,2,0,0
8.9,39,77,58,2,2,3,0
7.82,75,66,68,0,4,4,0
6.31,57,78,86,0,2,2,0
8.47,72,77,66,2,5,1,0
7.84,55,58,93,1,1,2,0
8.98,84,89,77,2,2,4,1
8.68,77,58,51,2,3,0,0
8.05,58,87,59,3,4,1,0
7.44,56,77,57,2,5,5,0
5.67,47,52,52,1,2,1,0
6.31,89,56,33,0,2,0,0
7.1,98,36,32,4,4,1,0
8.0,50,78,90,2,0,4,0
7.57,53,83,33,2,5,1,0
6.44,32,97,94,3,5,3,0
5.03,91,71,41,3,1,2,0
7.48,31,88,42,2,1,4,0
6.43,95,73,63,2,2,0,0
8.67,71,55,88,1,4,4,0
5.12,63,52,60,0,3,3,0
7.92,71,37,42,0,2,1,0
9.71,49,82,83,4,1,1,0
5.87,97,43,31,0,2,5,0
7.36,74,36,62,4,4,4,0
5.46,71,38,79,3,5,1,0
8.13,76,32,36,4,5,1,0
7.75,34,46,47,4,5,3,0
7.04,78,73,80,0,5,0,0
7.61,66,75,37,2,3,5,0
9.48,63,87,84,3,0,5,1
5.98,99,57,72,1,3,5,0
5.11,47,43,88,4,2,2,0
9.31,48,38,59,4,1,4,0
7.89,69,55,88,4,4,0,0
9.45,46,31,38,2,2,2,0
7.98,89,63,97,1,0,0,1
9.05,71,48,68,0,4,4,0
7.15,94,68,40,3,4,5,0
8.75,82,42,31,2,4,3,0
9.57,36,34,52,1,2,3,0
7.86,34,79,92,3,0,3,0
5.9,53,52,51,0,2,0,0
6.34,57,58,90,3,4,4,0
5.99,91,55,55,4,4,1,0
6.23,46,86,41,4,1,1,0
6.53,49,30,61,2,3,3,0
7.78,32,57,38,3,2,0,0
7.94,66,91,98,4,0,1,1
7.13,44,76,62,2,4,0,0
8.08,80,88,53,2,2,4,1
5.41,77,60,98,2,3,3,0
5.44,37,99,67,0,2,2,0
5.86,42,78,40,4,3,3,0
7.59,77,34,61,4,2,2,0
6.07,32,60,93,1,1,1,0
6.42,94,66,49,0,2,5,0
7.0,60,44,63,4,5,2,0
9.06,55,81,71,4,1,5,0
5.07,85,98,37,1,3,0,0
8.25,63,40,95,3,4,5,0
8.34,38,72,50,3,4,2,0
8.99,91,99,99,0,2,1,1
9.66,42,52,34,2,0,1,0
5.1,98,69,96,1,2,3,0
5.77,70,92,72,1,1,1,0
9.43,30,31,45,4,1,0,0
7.29,76,76,64,4,3,2,0
7.82,33,59,72,1,2,4,0
8.32,92,45,68,2,3,1,0
8.4,81,88,39,3,0,5,1
9.66,39,76,49,0,4,2,0
9.98,57,59,30,3,4,3,0
8.6,35,38,35,0,2,4,0
6.44,56,94,82,2,3,3,0
9.4,41,88,75,1,3,0,0
5.25,91,93,95,2,0,3,0
6.16,81,37,67,1,3,2,0
9.49,77,81,62,4,5,4,0
6.28,96,47,96,0,5,3,0
6.1,75,87,64,4,1,3,0
5.69,44,78,74,1,5,5,0
9.3,65,61,51,0,5,5,0
7.5,43,77,97,0,1,0,0
8.37,32,74,46,4,5,2,0
6.2,96,83,34,0,5,3,0
8.79,48,75,86,1,1,2,0
8.8,83,60,69,1,2,1,0
6.56,98,66,59,4,1,0,0
7.05,39,45,71,2,1,5,0
6.05,62,75,36,1,5,0,0
9.88,42,75,48,1,4,0,0
8.23,80,90,70,0,5,2,0
9.67,61,75,63,0,2,5,1
6.52,53,80,51,1,1,5,0
8.91,64,91,81,4,0,3,1
8.83,99,64,35,2,1,3,1
8.46,69,71,54,0,2,2,1
9.83,83,74,95,0,3,2,0
6.97,73,97,39,2,5,1,0
5.65,91,76,55,0,4,4,0
8.36,97,59,34,4,4,4,0
8.65,62,53,97,0,5,0,0
7.88,85,95,79,0,5,3,0
6.03,65,72,46,1,2,5,0
7.52,83,63,40,4,1,0,1
6.56,48,52,82,4,0,5,0
7.14,72,90,79,1,1,3,1
8.23,41,66,37,3,1,3,0
8.73,40,42,91,2,0,1,0
6.16,99,36,58,4,4,2,0
7.03,41,71,73,3,1,2,0
6.35,70,67,74,2,3,2,0
5.99,54,81,58,4,3,4,0
8.92,32,73,88,0,2,2,0
9.55,32,93,44,4,2,4,0
6.85,57,42,99,2,0,5,0
8.76,52,57,73,3,0,0,0
9.48,77,30,65,0,2,4,0
9.23,96,72,86,2,5,3,0
5.91,71,71,93,2,1,1,0
9.78,69,79,67,4,5,1,0
6.88,35,89,46,1,4,3,0
6.7,49,30,56,1,3,5,0
5.31,40,80,46,0,0,0,0
7.43,56,45,92,2,2,1,0
5.55,50,68,40,3,3,3,0
6.24,42,44,93,0,5,1,0
6.58,64,62,68,0,0,4,0
9.04,76,82,31,4,0,5,1
9.38,57,46,95,3,1,1,0
6.51,50,35,83,2,0,5,0
9.29,47,60,58,2,4,5,0
9.29,60,98,74,2,0,4,1
8.82,89,69,60,0,4,5,0
5.73,66,59,78,4,5,4,0
8.45,50,98,38,0,1,1,0
9.73,43,36,56,1,4,1,0
8.41,89,42,85,1,5,5,0
6.66,52,33,74,2,3,4,0
7.5,58,79,72,4,0,1,1
8.23,76,32,51,2,2,5,0
7.55,59,41,62,2,2,0,0
5.6,67,94,56,0,4,2,0
6.56,56,56,69,2,1,2,0
9.01,44,79,55,2,4,3,0
9.31,88,46,74,4,5,5,0
5.69,32,61,74,4,5,2,0
9.76,39,80,55,4,4,0,0
6.64,46,46,99,2,4,5,0
8.31,40,63,96,4,3,2,0
8.76,77,64,35,4,5,2,0
9.06,34,53,57,3,3,0,0
9.73,98,83,96,3,4,4,0
6.56,93,47,42,1,1,2,0
9.29,43,79,92,0,0,3,0
5.66,79,75,42,0,5,2,0
8.53,55,77,30,4,2,2,0
8.71,98,62,69,1,3,0,0
8.39,36,56,66,1,5,0,0
6.26,45,30,60,3,0,5,0
9.37,84,88,46,1,3,3,0
5.84,85,39,38,2,5,1,0
5.27,33,54,93,4,3,0,0
8.59,77,86,86,2,3,1,0
7.38,46,95,42,0,4,3,0
9.25,65,44,66,3,4,2,0
6.92,99,57,43,2,3,5,0
5.84,67,42,54,4,3,2,0
9.18,91,43,86,2,2,5,0
7.74,77,95,71,2,0,1,1
5.95,39,63,71,1,0,3,0
8.6,65,54,76,3,1,3,0
7.56,58,83,73,0,1,0,1
8.02,33,41,70,4,1,1,0
7.3,73,38,32,4,4,5,0
9.14,85,60,30,0,4,0,0
9.15,71,82,40,4,2,1,1
8.55,42,72,36,1,4,0,0
5.53,75,67,41,2,1,0,0
9.19,62,71,67,1,5,3,0
8.36,50,77,83,1,3,3,0
8.49,86,96,96,1,1,2,1
6.81,98,95,82,0,2,2,0
9.4,99,45,61,3,3,3,0
8.63,96,45,74,0,4,3,0
5.56,77,60,80,0,3,0,0
7.04,62,87,66,1,5,2,0
9.43,65,57,88,3,2,3,0
5.24,62,33,83,0,4,1,0
9.81,60,39,47,3,0,1,0
8.4,50,80,30,1,1,2,0
8.16,56,47,50,0,5,1,0
6.35,91,76,57,3,5,5,0
6.24,55,61,45,4,1,0,0
9.71,95,59,77,0,2,2,0
6.49,41,65,57,0,2,5,0
8.88,51,38,51,0,5,3,0
6.97,46,65,30,3,1,5,0
5.7,36,58,71,2,3,1,0
5.05,97,45,99,0,0,0,0
7.72,66,50,32,4,0,3,0
9.88,67,93,73,4,2,4,1
6.85,40,95,56,1,2,0,0
6.79,30,88,80,2,3,1,0
6.72,54,57,53,2,2,0,0
7.6,71,84,49,3,0,4,1
7.2,81,60,61,1,1,4,0
9.4,53,62,42,3,5,0,0
7.53,82,89,72,1,0,3,1
7.54,85,70,49,2,3,5,0
5.69,92,75,31,3,1,3,0
9.91,37,78,97,1,1,4,0
6.25,88,94,89,2,5,2,0
5.37,74,71,33,2,0,2,0
8.32,56,52,46,0,1,3,0
7.98,81,56,30,3,1,2,0
7.08,47,61,62,0,2,3,0
7.11,45,32,59,2,1,1,0
8.93,95,89,34,3,3,3,0
5.98,34,46,41,3,1,1,0
9.1,32,61,61,4,2,5,0
8.24,99,36,67,1,4,4,0
7.09,36,98,46,4,4,2,0
7.29,79,87,87,4,3,5,0
6.28,43,69,69,2,5,5,0
8.76,67,77,53,1,5,4,0
7.56,76,80,41,4,3,0,0
6.6,62,86,48,4,1,0,0
7.98,72,66,58,3,1,5,1
9.98,58,84,81,2,4,5,0
7.18,86,70,46,4,4,4,0
9.6,34,49,50,1,0,3,0
6.73,89,62,89,0,4,3,0
5.27,99,69,49,0,4,2,0
6.02,31,63,82,2,3,4,0
7.09,99,91,92,0,0,0,1
6.1,72,48,86,3,5,4,0
5.0,33,72,58,3,0,4,0
9.58,85,98,30,1,1,2,1
9.22,88,92,88,2,1,3,1
8.71,38,39,93,2,0,5,0
5.84,32,42,73,0,0,0,0
5.6,77,34,77,4,1,2,0
5.34,72,87,44,4,3,0,0
8.62,30,88,64,4,3,0,0
9.64,86,88,52,1,3,3,0
7.15,82,44,82,2,3,5,0
5.6,45,30,74,0,1,5,0
7.56,80,67,42,1,2,3,1
6.74,84,82,63,3,4,2,0
6.87,30,81,67,3,4,1,0
8.11,57,30,99,3,4,2,0
8.59,82,40,97,2,4,2,0
5.55,87,87,34,3,1,1,0
5.18,89,69,69,4,2,0,0
9.97,88,89,99,3,1,4,1
6.16,51,73,50,1,2,1,0
5.27,37,35,57,3,1,4,0
5.95,78,57,32,4,0,0,0
5.19,71,60,52,3,2,1,0
6.96,56,37,48,0,4,3,0
9.01,68,34,79,4,2,2,0
6.71,54,83,87,2,5,1,0
7.22,67,46,49,3,3,1,0
8.38,53,67,82,1,2,0,0
7.54,53,38,38,3,5,3,0
9.31,89,43,33,1,3,1,0
9.33,79,55,70,0,5,3,0
5.05,95,91,54,2,3,4,0
8.89,43,54,63,4,0,1,0
7.3,82,65,38,4,2,3,1
9.94,61,62,42,2,5,2,0
7.42,77,32,38,0,0,0,0
9.93,68,40,33,0,4,5,0
8.77,69,87,63,3,2,3,1
6.24,71,93,36,0,1,0,0
7.69,37,47,44,3,1,5,0
9.96,55,76,67,1,1,1,0
9.29,41,73,81,2,5,1,0
5.49,72,88,36,1,5,4,0
8.53,80,79,74,1,3,0,0
6.73,92,98,88,1,1,2,0
5.03,78,58,50,1,4,2,0
7.02,56,96,57,4,5,3,0
6.17,38,31,32,0,2,2,0
9.09,68,54,43,2,5,5,0
6.69,94,48,31,2,2,0,0
9.14,36,69,58,1,5,1,0
5.0,96,31,47,2,3,0,0
6.54,39,94,66,3,3,0,0
6.21,82,91,74,2,3,1,0
6.17,86,83,74,1,4,5,0
5.34,56,74,53,2,5,0,0
5.94,83,78,75,0,2,2,0
7.78,33,98,41,1,5,3,0
6.46,52,67,82,4,0,3,0
7.09,77,33,74,0,3,0,0
6.88,71,46,61,2,1,5,0
9.38,32,82,47,4,0,1,0
9.53,32,82,42,0,0,4,0
7.46,57,60,33,3,3,5,0
6.65,92,51,52,0,1,0,0
5.53,60,40,91,4,3,0,0
9.77,39,63,83,3,3,4,0
5.3,78,44,84,2,1,3,0
6.49,50,39,98,1,0,5,0
6.49,82,82,69,2,0,3,0
6.6,83,77,43,1,5,4,0
5.82,86,60,57,1,1,1,0
8.92,49,66,96,4,0,0,0
5.61,78,57,58,3,4,2,0
8.17,36,60,90,3,3,3,0
5.62,58,99,97,0,4,3,0
5.35,77,43,38,2,4,5,0
9.55,42,45,46,4,5,3,0
5.95,32,54,78,2,5,1,0
9.11,31,68,92,0,5,4,0
7.72,45,95,75,0,4,1,0
5.39,35,67,42,4,2,3,0
9.78,74,70,74,0,2,5,1
6.23,34,69,82,4,4,0,0
9.3,85,93,46,0,3,3,0
5.84,61,45,76,3,4,0,0
9.27,78,88,91,4,4,5,0
5.07,42,40,79,3,5,0,0
7.56,59,30,72,3,5,3,0
8.85,54,42,97,4,5,3,0
9.67,89,59,57,2,2,0,0
9.55,88,98,74,1,4,1,0
9.1,57,47,70,0,3,1,0
9.44,87,42,65,0,3,5,0
6.0,49,61,62,2,5,1,0
6.42,63,79,54,1,5,2,0
6.44,34,60,48,2,4,0,0
6.89,89,80,76,1,3,2,0
6.97,72,56,62,4,4,2,0
7.72,86,89,96,4,2,0,1
5.8,86,62,43,3,4,2,0
8.46,83,82,62,3,5,5,0
5.84,74,62,71,4,0,5,0
6.55,66,70,94,3,2,0,0
7.52,77,48,76,4,3,4,0
8.98,83,70,64,2,3,4,0
8.7,77,71,61,0,5,0,0
8.23,35,52,84,4,5,0,0
5.78,63,62,83,4,2,0,0
7.74,92,49,80,4,5,1,0
5.44,77,54,88,3,0,0,0
6.89,52,81,43,3,2,5,0
7.07,42,41,47,3,5,5,0
5.2,76,61,84,3,1,3,0
6.37,73,62,85,2,0,4,0
9.78,61,97,78,4,2,4,1
9.77,55,44,89,2,1,0,0
6.76,82,80,82,3,4,4,0
5.22,43,35,35,2,0,0,0
5.9,81,98,99,4,4,0,0
6.96,65,98,37,4,1,4,0
9.74,37,64,44,3,3,4,0
5.71,69,63,55,4,3,3,0
8.82,51,92,68,2,5,2,0
5.54,45,97,32,1,3,3,0
9.91,89,47,86,4,4,3,0
6.91,89,55,39,2,0,4,0
8.88,39,90,32,2,4,5,0
6.71,54,77,75,2,4,3,0
8.14,60,60,51,4,3,5,0
5.96,50,63,96,1,4,4,0
5.73,62,36,94,3,1,1,0
9.69,60,36,48,3,2,0,0
9.59,50,76,91,4,2,2,0
9.44,65,37,86,4,2,5,0
8.13,94,30,42,0,5,1,0
9.04,33,32,45,1,3,5,0
5.35,97,82,45,2,3,0,0
6.67,33,67,81,2,2,0,0
6.57,38,80,70,3,0,2,0
8.18,59,44,77,4,5,3,0
6.78,74,96,68,1,2,0,0
5.74,33,93,42,3,4,2,0
7.98,98,97,33,1,2,5,1
9.07,52,34,72,4,2,5,0
6.91,45,39,75,2,0,5,0
5.66,51,37,76,0,3,5,0
5.98,77,41,82,1,3,5,0
6.19,91,93,54,2,4,4,0
6.5,89,88,70,1,2,0,0
8.21,34,96,32,1,1,0,0
8.0,36,79,42,1,4,3,0
8.48,80,52,47,4,3,3,0
6.81,94,69,66,3,0,4,0
9.12,38,47,72,1,3,0,0
6.02,74,50,63,4,3,3,0
7.35,76,30,84,0,0,2,0
9.0,96,67,81,3,2,5,1
5.9,53,70,65,4,2,5,0
5.55,39,71,83,0,3,0,0
9.42,77,38,88,3,4,5,0
6.71,64,52,81,4,1,5,0
8.42,83,40,48,0,4,2,0
5.13,45,60,41,4,5,1,0
8.45,82,55,40,0,4,4,0
6.58,69,59,77,1,3,3,0
5.28,49,63,45,1,3,1,0
8.05,98,75,76,3,1,3,1
6.2,74,98,96,0,1,1,0
6.93,35,34,60,1,1,5,0
5.4,98,90,37,3,3,3,0
5.74,78,67,90,2,3,4,0
6.49,68,57,73,1,4,0,0
5.45,31,55,79,1,3,2,0
9.55,68,90,64,4,5,1,0
5.03,50,52,90,2,2,2,0
7.42,69,75,84,0,2,2,1
5.62,83,59,95,3,1,3,0
6.54,41,96,43,2,3,0,0
9.63,66,62,33,0,5,3,0
5.81,67,32,46,1,2,2,0
9.83,44,98,98,3,4,5,0
6.03,36,71,53,3,0,4,0
8.71,79,91,78,2,4,0,0
7.73,94,87,84,4,0,0,1
9.42,96,86,52,0,5,5,0
7.77,73,30,41,2,4,2,0
7.67,60,89,40,4,2,3,1
5.98,72,98,58,4,3,5,0
5.83,77,88,91,4,0,4,0
9.58,90,75,82,3,3,1,0
6.64,39,63,77,0,5,3,0
6.86,58,54,95,0,3,0,0
8.8,77,71,77,2,2,5,1
6.69,91,58,88,1,5,3,0
9.76,42,54,86,2,1,1,0
8.69,73,83,32,0,1,4,1
7.99,76,96,61,3,0,5,1
9.4,93,44,37,2,2,4,0
5.25,82,33,59,1,3,1,0
6.29,73,67,44,2,4,1,0
7.33,57,49,84,4,4,2,0
6.13,31,52,67,1,5,0,0
8.72,86,66,44,4,0,2,1
9.6,86,91,59,3,0,3,1
7.12,63,37,75,0,0,1,0
6.71,87,66,93,2,2,2,0
9.81,81,74,55,2,4,0,0
7.22,58,62,96,4,5,0,0
7.45,64,36,65,4,2,1,0
6.76,77,51,60,0,5,5,0
9.55,62,34,69,2,2,2,0
7.84,38,44,75,0,3,4,0
8.81,77,50,71,4,2,1,0
9.06,96,46,47,4,2,3,0
6.71,65,85,65,1,3,2,0
7.17,73,79,79,4,1,2,1
9.24,89,36,90,4,3,1,0
6.82,92,79,69,0,0,5,0
8.97,34,89,32,1,1,2,0
9.7,69,36,36,1,4,2,0
8.12,48,69,60,2,5,3,0
8.71,76,74,94,3,2,5,1
9.03,94,88,93,2,1,3,1
9.23,96,84,32,2,4,4,0
6.98,47,93,64,2,3,3,0
5.26,79,94,44,1,3,4,0
7.01,59,83,50,0,0,3,1
8.37,95,69,91,4,0,4,1
7.25,34,82,57,1,1,5,0
8.74,71,73,33,4,5,3,0
6.78,34,92,42,4,2,3,0
8.17,79,31,80,3,3,1,0
5.93,87,50,77,2,1,3,0
8.75,37,79,68,3,1,4,0
7.73,60,81,96,2,5,1,0
6.02,41,38,87,1,1,4,0
6.46,50,49,31,4,0,3,0
8.74,91,47,54,3,5,3,0
7.41,62,59,40,1,3,4,0
6.08,55,94,30,1,0,5,0
9.84,69,53,77,2,0,5,0
8.58,94,76,77,4,5,5,0
9.79,88,73,39,2,5,2,0
7.14,44,58,59,2,1,1,0
7.38,30,97,64,1,4,1,0
9.49,40,46,48,2,4,5,0
7.63,84,34,82,0,4,3,0
8.54,31,79,63,4,1,1,0
6.26,94,69,61,2,2,4,0
7.23,73,75,35,2,3,3,0
5.62,45,80,42,3,1,1,0
6.03,51,40,93,4,1,0,0
5.0,47,41,36,4,0,1,0
5.2,76,42,74,2,4,5,0
9.89,59,93,74,0,5,4,0
6.21,39,37,94,3,1,1,0
8.32,87,94,48,0,2,2,1
9.2,91,38,76,2,3,5,0
7.75,35,31,75,4,2,2,0
5.77,96,42,58,4,1,3,0
8.64,70,31,90,0,1,2,0
8.0,72,97,94,1,0,4,1
8.66,47,77,52,2,2,0,0
8.85,87,32,80,4,0,0,0
9.88,89,97,92,1,5,3,0
7.87,56,35,51,4,2,3,0
6.71,97,34,62,4,4,2,0
8.24,51,32,73,1,5,4,0
5.34,53,39,36,0,4,2,0
9.49,69,72,31,2,2,4,1
5.6,95,48,46,1,0,4,0
6.64,69,43,94,1,4,0,0
9.08,35,50,87,4,1,4,0
7.99,47,72,59,1,3,1,0
